CPI value,Notes,US,AK,AL,AR,AZ,CA,CO,CT,DC,DE,FL,GA,HI,IA,ID,IL,IN,KS,KY,LA,MA,MD,ME,MI,MN,MO,MS,MT,NC,ND,NE,NH,NJ,NM,NV,NY,OH,OK,OR,PA,RI,SC,SD,TN,TX,UT,VA,VT,WA,WI,WV,WY
,Jan-09,$2.13,$6.55,$2.13,$2.63,$4.25,$8.00,$4.22,$5.52,$2.77,$2.23,$4.19,$2.13,$7.00,$4.35,$3.35,$4.80,$2.13,$2.13,$2.13,$2.13,$2.63,$3.28,$3.63,$2.65,$6.55,$3.53,$2.13,$6.90,$2.13,$4.39,$2.13,$3.26,$2.13,$2.13,$6.55,$4.60,$3.65,$2.13,$8.40,$2.83,$2.89,$2.13,$2.13,$2.13,$2.13,$2.13,$2.13,$3.91,$8.55,$2.33,$5.24,$2.13
,Feb-09,$2.13,$6.55,$2.13,$2.63,$4.25,$8.00,$4.22,$5.52,$2.77,$2.23,$4.19,$2.13,$7.00,$4.35,$3.35,$4.80,$2.13,$2.13,$2.13,$2.13,$2.63,$3.28,$3.63,$2.65,$6.55,$3.53,$2.13,$6.90,$2.13,$4.39,$2.13,$3.26,$2.13,$2.13,$6.55,$4.60,$3.65,$2.13,$8.40,$2.83,$2.89,$2.13,$2.13,$2.13,$2.13,$2.13,$2.13,$3.91,$8.55,$2.33,$5.24,$2.13
,Mar-09,$2.13,$6.55,$2.13,$2.63,$4.25,$8.00,$4.22,$5.52,$2.77,$2.23,$4.19,$2.13,$7.00,$4.35,$3.35,$4.80,$2.13,$2.13,$2.13,$2.13,$2.63,$3.28,$3.63,$2.65,$6.55,$3.53,$2.13,$6.90,$2.13,$4.39,$2.13,$3.26,$2.13,$2.13,$6.55,$4.60,$3.65,$2.13,$8.40,$2.83,$2.89,$2.13,$2.13,$2.13,$2.13,$2.13,$2.13,$3.91,$8.55,$2.33,$5.24,$2.13
,Apr-09,$2.13,$6.55,$2.13,$2.63,$4.25,$8.00,$4.22,$5.52,$2.77,$2.23,$4.19,$2.13,$7.00,$4.35,$3.35,$4.80,$2.13,$2.13,$2.13,$2.13,$2.63,$3.28,$3.63,$2.65,$6.55,$3.53,$2.13,$6.90,$2.13,$4.39,$2.13,$3.26,$2.13,$2.13,$6.55,$4.60,$3.65,$2.13,$8.40,$2.83,$2.89,$2.13,$2.13,$2.13,$2.13,$2.13,$2.13,$3.91,$8.55,$2.33,$5.24,$2.13
,May-09,$2.13,$6.55,$2.13,$2.63,$4.25,$8.00,$4.22,$5.52,$2.77,$2.23,$4.19,$2.13,$7.00,$4.35,$3.35,$4.80,$2.13,$2.13,$2.13,$2.13,$2.63,$3.28,$3.63,$2.65,$6.55,$3.53,$2.13,$6.90,$2.13,$4.39,$2.13,$3.26,$2.13,$2.13,$6.55,$4.60,$3.65,$2.13,$8.40,$2.83,$2.89,$2.13,$2.13,$2.13,$2.13,$2.13,$2.13,$3.91,$8.55,$2.33,$5.24,$2.13
,Jun-09,$2.13,$6.55,$2.13,$2.63,$4.25,$8.00,$4.22,$5.52,$2.77,$2.23,$4.19,$2.13,$7.00,$4.35,$3.35,$4.80,$2.13,$2.13,$2.13,$2.13,$2.63,$3.28,$3.63,$2.65,$6.55,$3.53,$2.13,$6.90,$2.13,$4.39,$2.13,$3.26,$2.13,$2.13,$6.55,$4.60,$3.65,$2.13,$8.40,$2.83,$2.89,$2.13,$2.13,$2.13,$2.13,$2.13,$2.13,$3.91,$8.55,$2.33,$5.24,$2.13
,Jul-09,$2.13,$7.25,$2.13,$2.63,$4.25,$8.00,$4.22,$5.52,$2.77,$2.23,$4.23,$2.13,$7.00,$4.35,$3.35,$4.80,$2.13,$2.13,$2.13,$2.13,$2.63,$3.63,$3.63,$2.65,$7.25,$3.63,$2.13,$7.25,$2.13,$4.86,$2.13,$3.26,$2.13,$2.13,$7.25,$4.65,$3.65,$2.13,$8.40,$2.83,$2.89,$2.13,$2.13,$2.13,$2.13,$2.13,$2.13,$3.91,$8.55,$2.33,$5.80,$2.13
,Aug-09,$2.13,$7.25,$2.13,$2.63,$4.25,$8.00,$4.22,$5.52,$2.77,$2.23,$4.23,$2.13,$7.00,$4.35,$3.35,$4.80,$2.13,$2.13,$2.13,$2.13,$2.63,$3.63,$3.63,$2.65,$7.25,$3.63,$2.13,$7.25,$2.13,$4.86,$2.13,$3.26,$2.13,$2.13,$7.25,$4.65,$3.65,$2.13,$8.40,$2.83,$2.89,$2.13,$2.13,$2.13,$2.13,$2.13,$2.13,$3.91,$8.55,$2.33,$5.80,$2.13
,Sep-09,$2.13,$7.25,$2.13,$2.63,$4.25,$8.00,$4.22,$5.52,$2.77,$2.23,$4.23,$2.13,$7.00,$4.35,$3.35,$4.80,$2.13,$2.13,$2.13,$2.13,$2.63,$3.63,$3.63,$2.65,$7.25,$3.63,$2.13,$7.25,$2.13,$4.86,$2.13,$3.26,$2.13,$2.13,$7.25,$4.65,$3.65,$2.13,$8.40,$2.83,$2.89,$2.13,$2.13,$2.13,$2.13,$2.13,$2.13,$3.91,$8.55,$2.33,$5.80,$2.13
,Oct-09,$2.13,$7.25,$2.13,$2.63,$4.25,$8.00,$4.22,$5.52,$2.77,$2.23,$4.23,$2.13,$7.00,$4.35,$3.35,$4.80,$2.13,$2.13,$2.13,$2.13,$2.63,$3.63,$3.75,$2.65,$7.25,$3.63,$2.13,$7.25,$2.13,$4.86,$2.13,$3.26,$2.13,$2.13,$7.25,$4.65,$3.65,$2.13,$8.40,$2.83,$2.89,$2.13,$2.13,$2.13,$2.13,$2.13,$2.13,$3.91,$8.55,$2.33,$5.80,$2.13
,Nov-09,$2.13,$7.25,$2.13,$2.63,$4.25,$8.00,$4.22,$5.52,$2.77,$2.23,$4.23,$2.13,$7.00,$4.35,$3.35,$4.80,$2.13,$2.13,$2.13,$2.13,$2.63,$3.63,$3.75,$2.65,$7.25,$3.63,$2.13,$7.25,$2.13,$4.86,$2.13,$3.26,$2.13,$2.13,$7.25,$4.65,$3.65,$2.13,$8.40,$2.83,$2.89,$2.13,$2.13,$2.13,$2.13,$2.13,$2.13,$3.91,$8.55,$2.33,$5.80,$2.13
,Dec-09,$2.13,$7.25,$2.13,$2.63,$4.25,$8.00,$4.22,$5.52,$2.77,$2.23,$4.23,$2.13,$7.00,$4.35,$3.35,$4.80,$2.13,$2.13,$2.13,$2.13,$2.63,$3.63,$3.75,$2.65,$7.25,$3.63,$2.13,$7.25,$2.13,$4.86,$2.13,$3.26,$2.13,$2.13,$7.25,$4.65,$3.65,$2.13,$8.40,$2.83,$2.89,$2.13,$2.13,$2.13,$2.13,$2.13,$2.13,$3.91,$8.55,$2.33,$5.80,$2.13
,Jan-10,$2.13,$7.75,$2.13,$2.63,$4.25,$8.00,$4.26,$5.69,$2.77,$2.23,$4.23,$2.13,$7.00,$4.35,$3.35,$4.80,$2.13,$2.13,$2.13,$2.13,$2.63,$3.63,$3.75,$2.65,$7.25,$3.63,$2.13,$7.25,$2.13,$4.86,$2.13,$3.26,$2.13,$2.13,$7.25,$4.65,$3.65,$2.13,$8.40,$2.83,$2.89,$2.13,$2.13,$2.13,$2.13,$2.13,$2.13,$3.91,$8.55,$2.33,$5.80,$2.13
,Feb-10,$2.13,$7.75,$2.13,$2.63,$4.25,$8.00,$4.26,$5.69,$2.77,$2.23,$4.23,$2.13,$7.00,$4.35,$3.35,$4.80,$2.13,$2.13,$2.13,$2.13,$2.63,$3.63,$3.75,$2.65,$7.25,$3.63,$2.13,$7.25,$2.13,$4.86,$2.13,$3.26,$2.13,$2.13,$7.25,$4.65,$3.65,$2.13,$8.40,$2.83,$2.89,$2.13,$2.13,$2.13,$2.13,$2.13,$2.13,$3.91,$8.55,$2.33,$5.80,$2.13
,Mar-10,$2.13,$7.75,$2.13,$2.63,$4.25,$8.00,$4.26,$5.69,$2.77,$2.23,$4.23,$2.13,$7.00,$4.35,$3.35,$4.80,$2.13,$2.13,$2.13,$2.13,$2.63,$3.63,$3.75,$2.65,$7.25,$3.63,$2.13,$7.25,$2.13,$4.86,$2.13,$3.26,$2.13,$2.13,$7.25,$4.65,$3.65,$2.13,$8.40,$2.83,$2.89,$2.13,$2.13,$2.13,$2.13,$2.13,$2.13,$3.91,$8.55,$2.33,$5.80,$2.13
,Apr-10,$2.13,$7.75,$2.13,$2.63,$4.25,$8.00,$4.26,$5.69,$2.77,$2.23,$4.23,$2.13,$7.00,$4.35,$3.35,$4.80,$2.13,$2.13,$2.13,$2.13,$2.63,$3.63,$3.75,$2.65,$7.25,$3.63,$2.13,$7.25,$2.13,$4.86,$2.13,$3.26,$2.13,$2.13,$7.25,$4.65,$3.65,$2.13,$8.40,$2.83,$2.89,$2.13,$2.13,$2.13,$2.13,$2.13,$2.13,$3.91,$8.55,$2.33,$5.80,$2.13
,May-10,$2.13,$7.75,$2.13,$2.63,$4.25,$8.00,$4.26,$5.69,$2.77,$2.23,$4.23,$2.13,$7.00,$4.35,$3.35,$4.80,$2.13,$2.13,$2.13,$2.13,$2.63,$3.63,$3.75,$2.65,$7.25,$3.63,$2.13,$7.25,$2.13,$4.86,$2.13,$3.26,$2.13,$2.13,$7.25,$4.65,$3.65,$2.13,$8.40,$2.83,$2.89,$2.13,$2.13,$2.13,$2.13,$2.13,$2.13,$3.91,$8.55,$2.33,$5.80,$2.13
,Jun-10,$2.13,$7.75,$2.13,$2.63,$4.25,$8.00,$4.26,$5.69,$2.77,$2.23,$4.23,$2.13,$7.00,$4.35,$3.35,$4.80,$2.13,$2.13,$2.13,$2.13,$2.63,$3.63,$3.75,$2.65,$7.25,$3.63,$2.13,$7.25,$2.13,$4.86,$2.13,$3.26,$2.13,$2.13,$7.25,$4.65,$3.65,$2.13,$8.40,$2.83,$2.89,$2.13,$2.13,$2.13,$2.13,$2.13,$2.13,$3.91,$8.55,$2.33,$5.80,$2.13
,Jul-10,$2.13,$7.75,$2.13,$2.63,$4.25,$8.00,$4.26,$5.69,$2.77,$2.23,$4.23,$2.13,$7.00,$4.35,$3.35,$4.95,$2.13,$2.13,$2.13,$2.13,$2.63,$3.63,$3.75,$2.65,$7.25,$3.63,$2.13,$7.25,$2.13,$4.86,$2.13,$3.26,$2.13,$2.13,$7.25,$4.65,$3.65,$2.13,$8.40,$2.83,$2.89,$2.13,$2.13,$2.13,$2.13,$2.13,$2.13,$3.91,$8.55,$2.33,$5.80,$2.13
,Aug-10,$2.13,$7.75,$2.13,$2.63,$4.25,$8.00,$4.26,$5.69,$2.77,$2.23,$4.23,$2.13,$7.00,$4.35,$3.35,$4.95,$2.13,$2.13,$2.13,$2.13,$2.63,$3.63,$3.75,$2.65,$7.25,$3.63,$2.13,$7.25,$2.13,$4.86,$2.13,$3.26,$2.13,$2.13,$7.25,$4.65,$3.65,$2.13,$8.40,$2.83,$2.89,$2.13,$2.13,$2.13,$2.13,$2.13,$2.13,$3.91,$8.55,$2.33,$5.80,$2.13
,Sep-10,$2.13,$7.75,$2.13,$2.63,$4.25,$8.00,$4.26,$5.69,$2.77,$2.23,$4.23,$2.13,$7.00,$4.35,$3.35,$4.95,$2.13,$2.13,$2.13,$2.13,$2.63,$3.63,$3.75,$2.65,$7.25,$3.63,$2.13,$7.25,$2.13,$4.86,$2.13,$3.26,$2.13,$2.13,$7.25,$4.65,$3.65,$2.13,$8.40,$2.83,$2.89,$2.13,$2.13,$2.13,$2.13,$2.13,$2.13,$3.91,$8.55,$2.33,$5.80,$2.13
,Oct-10,$2.13,$7.75,$2.13,$2.63,$4.25,$8.00,$4.26,$5.69,$2.77,$2.23,$4.23,$2.13,$7.00,$4.35,$3.35,$4.95,$2.13,$2.13,$2.13,$2.13,$2.63,$3.63,$3.75,$2.65,$7.25,$3.63,$2.13,$7.25,$2.13,$4.86,$2.13,$3.26,$2.13,$2.13,$7.25,$4.65,$3.65,$2.13,$8.40,$2.83,$2.89,$2.13,$2.13,$2.13,$2.13,$2.13,$2.13,$3.91,$8.55,$2.33,$5.80,$2.13
,Nov-10,$2.13,$7.75,$2.13,$2.63,$4.25,$8.00,$4.26,$5.69,$2.77,$2.23,$4.23,$2.13,$7.00,$4.35,$3.35,$4.95,$2.13,$2.13,$2.13,$2.13,$2.63,$3.63,$3.75,$2.65,$7.25,$3.63,$2.13,$7.25,$2.13,$4.86,$2.13,$3.26,$2.13,$2.13,$7.25,$4.65,$3.65,$2.13,$8.40,$2.83,$2.89,$2.13,$2.13,$2.13,$2.13,$2.13,$2.13,$3.91,$8.55,$2.33,$5.80,$2.13
,Dec-10,$2.13,$7.75,$2.13,$2.63,$4.25,$8.00,$4.26,$5.69,$2.77,$2.23,$4.23,$2.13,$7.00,$4.35,$3.35,$4.95,$2.13,$2.13,$2.13,$2.13,$2.63,$3.63,$3.75,$2.65,$7.25,$3.63,$2.13,$7.25,$2.13,$4.86,$2.13,$3.26,$2.13,$2.13,$7.25,$4.65,$3.65,$2.13,$8.40,$2.83,$2.89,$2.13,$2.13,$2.13,$2.13,$2.13,$2.13,$3.91,$8.55,$2.33,$5.80,$2.13
,Jan-11,$2.13,$7.75,$2.13,$2.63,$4.35,$8.00,$4.34,$5.69,$2.77,$2.23,$4.23,$2.13,$7.00,$4.35,$3.35,$4.95,$2.13,$2.13,$2.13,$2.13,$2.63,$3.63,$3.75,$2.65,$7.25,$3.63,$2.13,$7.35,$2.13,$4.86,$2.13,$3.26,$2.13,$2.13,$7.25,$5.00,$3.70,$2.13,$8.50,$2.83,$2.89,$2.13,$2.13,$2.13,$2.13,$2.13,$2.13,$3.95,$8.67,$2.33,$5.80,$2.13
,Feb-11,$2.13,$7.75,$2.13,$2.63,$4.35,$8.00,$4.34,$5.69,$2.77,$2.23,$4.23,$2.13,$7.00,$4.35,$3.35,$4.95,$2.13,$2.13,$2.13,$2.13,$2.63,$3.63,$3.75,$2.65,$7.25,$3.63,$2.13,$7.35,$2.13,$4.86,$2.13,$3.26,$2.13,$2.13,$7.25,$5.00,$3.70,$2.13,$8.50,$2.83,$2.89,$2.13,$2.13,$2.13,$2.13,$2.13,$2.13,$3.95,$8.67,$2.33,$5.80,$2.13
,Mar-11,$2.13,$7.75,$2.13,$2.63,$4.35,$8.00,$4.34,$5.69,$2.77,$2.23,$4.23,$2.13,$7.00,$4.35,$3.35,$4.95,$2.13,$2.13,$2.13,$2.13,$2.63,$3.63,$3.75,$2.65,$7.25,$3.63,$2.13,$7.35,$2.13,$4.86,$2.13,$3.26,$2.13,$2.13,$7.25,$5.00,$3.70,$2.13,$8.50,$2.83,$2.89,$2.13,$2.13,$2.13,$2.13,$2.13,$2.13,$3.95,$8.67,$2.33,$5.80,$2.13
,Apr-11,$2.13,$7.75,$2.13,$2.63,$4.35,$8.00,$4.34,$5.69,$2.77,$2.23,$4.23,$2.13,$7.00,$4.35,$3.35,$4.95,$2.13,$2.13,$2.13,$2.13,$2.63,$3.63,$3.75,$2.65,$7.25,$3.63,$2.13,$7.35,$2.13,$4.86,$2.13,$3.26,$2.13,$2.13,$7.25,$5.00,$3.70,$2.13,$8.50,$2.83,$2.89,$2.13,$2.13,$2.13,$2.13,$2.13,$2.13,$3.95,$8.67,$2.33,$5.80,$2.13
,May-11,$2.13,$7.75,$2.13,$2.63,$4.35,$8.00,$4.34,$5.69,$2.77,$2.23,$4.23,$2.13,$7.00,$4.35,$3.35,$4.95,$2.13,$2.13,$2.13,$2.13,$2.63,$3.63,$3.75,$2.65,$7.25,$3.63,$2.13,$7.35,$2.13,$4.86,$2.13,$3.26,$2.13,$2.13,$7.25,$5.00,$3.70,$2.13,$8.50,$2.83,$2.89,$2.13,$2.13,$2.13,$2.13,$2.13,$2.13,$3.95,$8.67,$2.33,$5.80,$2.13
,Jun-11,$2.13,$7.75,$2.13,$2.63,$4.35,$8.00,$4.34,$5.69,$2.77,$2.23,$4.29,$2.13,$7.00,$4.35,$3.35,$4.95,$2.13,$2.13,$2.13,$2.13,$2.63,$3.63,$3.75,$2.65,$7.25,$3.63,$2.13,$7.35,$2.13,$4.86,$2.13,$3.26,$2.13,$2.13,$7.25,$5.00,$3.70,$2.13,$8.50,$2.83,$2.89,$2.13,$2.13,$2.13,$2.13,$2.13,$2.13,$3.95,$8.67,$2.33,$5.80,$2.13
,Jul-11,$2.13,$7.75,$2.13,$2.63,$4.35,$8.00,$4.34,$5.69,$2.77,$2.23,$4.29,$2.13,$7.00,$4.35,$3.35,$4.95,$2.13,$2.13,$2.13,$2.13,$2.63,$3.63,$3.75,$2.65,$7.25,$3.63,$2.13,$7.35,$2.13,$4.86,$2.13,$3.26,$2.13,$2.13,$7.25,$5.00,$3.70,$2.13,$8.50,$2.83,$2.89,$2.13,$2.13,$2.13,$2.13,$2.13,$2.13,$3.95,$8.67,$2.33,$5.80,$2.13
,Aug-11,$2.13,$7.75,$2.13,$2.63,$4.35,$8.00,$4.34,$5.69,$2.77,$2.23,$4.29,$2.13,$7.00,$4.35,$3.35,$4.95,$2.13,$2.13,$2.13,$2.13,$2.63,$3.63,$3.75,$2.65,$7.25,$3.63,$2.13,$7.35,$2.13,$4.86,$2.13,$3.26,$2.13,$2.13,$7.25,$5.00,$3.70,$2.13,$8.50,$2.83,$2.89,$2.13,$2.13,$2.13,$2.13,$2.13,$2.13,$3.95,$8.67,$2.33,$5.80,$2.13
,Sep-11,$2.13,$7.75,$2.13,$2.63,$4.35,$8.00,$4.34,$5.69,$2.77,$2.23,$4.29,$2.13,$7.00,$4.35,$3.35,$4.95,$2.13,$2.13,$2.13,$2.13,$2.63,$3.63,$3.75,$2.65,$7.25,$3.63,$2.13,$7.35,$2.13,$4.86,$2.13,$3.26,$2.13,$2.13,$7.25,$5.00,$3.70,$2.13,$8.50,$2.83,$2.89,$2.13,$2.13,$2.13,$2.13,$2.13,$2.13,$3.95,$8.67,$2.33,$5.80,$2.13
,Oct-11,$2.13,$7.75,$2.13,$2.63,$4.35,$8.00,$4.34,$5.69,$2.77,$2.23,$4.29,$2.13,$7.00,$4.35,$3.35,$4.95,$2.13,$2.13,$2.13,$2.13,$2.63,$3.63,$3.75,$2.65,$7.25,$3.63,$2.13,$7.35,$2.13,$4.86,$2.13,$3.26,$2.13,$2.13,$7.25,$5.00,$3.70,$2.13,$8.50,$2.83,$2.89,$2.13,$2.13,$2.13,$2.13,$2.13,$2.13,$3.95,$8.67,$2.33,$5.80,$2.13
,Nov-11,$2.13,$7.75,$2.13,$2.63,$4.35,$8.00,$4.34,$5.69,$2.77,$2.23,$4.29,$2.13,$7.00,$4.35,$3.35,$4.95,$2.13,$2.13,$2.13,$2.13,$2.63,$3.63,$3.75,$2.65,$7.25,$3.63,$2.13,$7.35,$2.13,$4.86,$2.13,$3.26,$2.13,$2.13,$7.25,$5.00,$3.70,$2.13,$8.50,$2.83,$2.89,$2.13,$2.13,$2.13,$2.13,$2.13,$2.13,$3.95,$8.67,$2.33,$5.80,$2.13
,Dec-11,$2.13,$7.75,$2.13,$2.63,$4.35,$8.00,$4.34,$5.69,$2.77,$2.23,$4.29,$2.13,$7.00,$4.35,$3.35,$4.95,$2.13,$2.13,$2.13,$2.13,$2.63,$3.63,$3.75,$2.65,$7.25,$3.63,$2.13,$7.35,$2.13,$4.86,$2.13,$3.26,$2.13,$2.13,$7.25,$5.00,$3.70,$2.13,$8.50,$2.83,$2.89,$2.13,$2.13,$2.13,$2.13,$2.13,$2.13,$3.95,$8.67,$2.33,$5.80,$2.13
,Jan-12,$2.13,$7.75,$2.13,$2.63,$4.65,$8.00,$4.62,$5.69,$2.77,$2.23,$4.65,$2.13,$7.00,$4.35,$3.35,$4.95,$2.13,$2.13,$2.13,$2.13,$2.63,$3.63,$3.75,$2.65,$7.25,$3.63,$2.13,$7.65,$2.13,$4.86,$2.13,$3.26,$2.13,$2.13,$7.25,$5.00,$3.85,$2.13,$8.80,$2.83,$2.89,$2.13,$2.13,$2.13,$2.13,$2.13,$2.13,$4.10,$9.04,$2.33,$5.80,$2.13
,Feb-12,$2.13,$7.75,$2.13,$2.63,$4.65,$8.00,$4.62,$5.69,$2.77,$2.23,$4.65,$2.13,$7.00,$4.35,$3.35,$4.95,$2.13,$2.13,$2.13,$2.13,$2.63,$3.63,$3.75,$2.65,$7.25,$3.63,$2.13,$7.65,$2.13,$4.86,$2.13,$3.26,$2.13,$2.13,$7.25,$5.00,$3.85,$2.13,$8.80,$2.83,$2.89,$2.13,$2.13,$2.13,$2.13,$2.13,$2.13,$4.10,$9.04,$2.33,$5.80,$2.13
,Mar-12,$2.13,$7.75,$2.13,$2.63,$4.65,$8.00,$4.62,$5.69,$2.77,$2.23,$4.65,$2.13,$7.00,$4.35,$3.35,$4.95,$2.13,$2.13,$2.13,$2.13,$2.63,$3.63,$3.75,$2.65,$7.25,$3.63,$2.13,$7.65,$2.13,$4.86,$2.13,$3.26,$2.13,$2.13,$7.25,$5.00,$3.85,$2.13,$8.80,$2.83,$2.89,$2.13,$2.13,$2.13,$2.13,$2.13,$2.13,$4.10,$9.04,$2.33,$5.80,$2.13
,Apr-12,$2.13,$7.75,$2.13,$2.63,$4.65,$8.00,$4.62,$5.69,$2.77,$2.23,$4.65,$2.13,$7.00,$4.35,$3.35,$4.95,$2.13,$2.13,$2.13,$2.13,$2.63,$3.63,$3.75,$2.65,$7.25,$3.63,$2.13,$7.65,$2.13,$4.86,$2.13,$3.26,$2.13,$2.13,$7.25,$5.00,$3.85,$2.13,$8.80,$2.83,$2.89,$2.13,$2.13,$2.13,$2.13,$2.13,$2.13,$4.10,$9.04,$2.33,$5.80,$2.13
,May-12,$2.13,$7.75,$2.13,$2.63,$4.65,$8.00,$4.62,$5.69,$2.77,$2.23,$4.65,$2.13,$7.00,$4.35,$3.35,$4.95,$2.13,$2.13,$2.13,$2.13,$2.63,$3.63,$3.75,$2.65,$7.25,$3.63,$2.13,$7.65,$2.13,$4.86,$2.13,$3.26,$2.13,$2.13,$7.25,$5.00,$3.85,$2.13,$8.80,$2.83,$2.89,$2.13,$2.13,$2.13,$2.13,$2.13,$2.13,$4.10,$9.04,$2.33,$5.80,$2.13
,Jun-12,$2.13,$7.75,$2.13,$2.63,$4.65,$8.00,$4.62,$5.69,$2.77,$2.23,$4.65,$2.13,$7.00,$4.35,$3.35,$4.95,$2.13,$2.13,$2.13,$2.13,$2.63,$3.63,$3.75,$2.65,$7.25,$3.63,$2.13,$7.65,$2.13,$4.86,$2.13,$3.26,$2.13,$2.13,$7.25,$5.00,$3.85,$2.13,$8.80,$2.83,$2.89,$2.13,$2.13,$2.13,$2.13,$2.13,$2.13,$4.10,$9.04,$2.33,$5.80,$2.13
,Jul-12,$2.13,$7.75,$2.13,$2.63,$4.65,$8.00,$4.62,$5.69,$2.77,$2.23,$4.65,$2.13,$7.00,$4.35,$3.35,$4.95,$2.13,$2.13,$2.13,$2.13,$2.63,$3.63,$3.75,$2.65,$7.25,$3.63,$2.13,$7.65,$2.13,$4.86,$2.13,$3.26,$2.13,$2.13,$7.25,$5.00,$3.85,$2.13,$8.80,$2.83,$2.89,$2.13,$2.13,$2.13,$2.13,$2.13,$2.13,$4.10,$9.04,$2.33,$5.80,$2.13
,Aug-12,$2.13,$7.75,$2.13,$2.63,$4.65,$8.00,$4.62,$5.69,$2.77,$2.23,$4.65,$2.13,$7.00,$4.35,$3.35,$4.95,$2.13,$2.13,$2.13,$2.13,$2.63,$3.63,$3.75,$2.65,$7.25,$3.63,$2.13,$7.65,$2.13,$4.86,$2.13,$3.26,$2.13,$2.13,$7.25,$5.00,$3.85,$2.13,$8.80,$2.83,$2.89,$2.13,$2.13,$2.13,$2.13,$2.13,$2.13,$4.10,$9.04,$2.33,$5.80,$2.13
,Sep-12,$2.13,$7.75,$2.13,$2.63,$4.65,$8.00,$4.62,$5.69,$2.77,$2.23,$4.65,$2.13,$7.00,$4.35,$3.35,$4.95,$2.13,$2.13,$2.13,$2.13,$2.63,$3.63,$3.75,$2.65,$7.25,$3.63,$2.13,$7.65,$2.13,$4.86,$2.13,$3.26,$2.13,$2.13,$7.25,$5.00,$3.85,$2.13,$8.80,$2.83,$2.89,$2.13,$2.13,$2.13,$2.13,$2.13,$2.13,$4.10,$9.04,$2.33,$5.80,$2.13
,Oct-12,$2.13,$7.75,$2.13,$2.63,$4.65,$8.00,$4.62,$5.69,$2.77,$2.23,$4.65,$2.13,$7.00,$4.35,$3.35,$4.95,$2.13,$2.13,$2.13,$2.13,$2.63,$3.63,$3.75,$2.65,$7.25,$3.63,$2.13,$7.65,$2.13,$4.86,$2.13,$3.26,$2.13,$2.13,$7.25,$5.00,$3.85,$2.13,$8.80,$2.83,$2.89,$2.13,$2.13,$2.13,$2.13,$2.13,$2.13,$4.10,$9.04,$2.33,$5.80,$2.13
,Nov-12,$2.13,$7.75,$2.13,$2.63,$4.65,$8.00,$4.62,$5.69,$2.77,$2.23,$4.65,$2.13,$7.00,$4.35,$3.35,$4.95,$2.13,$2.13,$2.13,$2.13,$2.63,$3.63,$3.75,$2.65,$7.25,$3.63,$2.13,$7.65,$2.13,$4.86,$2.13,$3.26,$2.13,$2.13,$7.25,$5.00,$3.85,$2.13,$8.80,$2.83,$2.89,$2.13,$2.13,$2.13,$2.13,$2.13,$2.13,$4.10,$9.04,$2.33,$5.80,$2.13
,Dec-12,$2.13,$7.75,$2.13,$2.63,$4.65,$8.00,$4.62,$5.69,$2.77,$2.23,$4.65,$2.13,$7.00,$4.35,$3.35,$4.95,$2.13,$2.13,$2.13,$2.13,$2.63,$3.63,$3.75,$2.65,$7.25,$3.63,$2.13,$7.65,$2.13,$4.86,$2.13,$3.26,$2.13,$2.13,$7.25,$5.00,$3.85,$2.13,$8.80,$2.83,$2.89,$2.13,$2.13,$2.13,$2.13,$2.13,$2.13,$4.10,$9.04,$2.33,$5.80,$2.13
,Jan-13,$2.13,$7.75,$2.13,$2.63,$4.80,$8.00,$4.76,$5.69,$2.77,$2.23,$4.77,$2.13,$7.00,$4.35,$3.35,$4.95,$2.13,$2.13,$2.13,$2.13,$2.63,$3.63,$3.75,$2.65,$7.25,$3.68,$2.13,$7.80,$2.13,$4.86,$2.13,$3.26,$2.13,$2.13,$7.25,$5.00,$3.93,$2.13,$8.95,$2.83,$2.89,$2.13,$2.13,$2.13,$2.13,$2.13,$2.13,$4.17,$9.19,$2.33,$5.80,$2.13
,Feb-13,$2.13,$7.75,$2.13,$2.63,$4.80,$8.00,$4.76,$5.69,$2.77,$2.23,$4.77,$2.13,$7.00,$4.35,$3.35,$4.95,$2.13,$2.13,$2.13,$2.13,$2.63,$3.63,$3.75,$2.65,$7.25,$3.68,$2.13,$7.80,$2.13,$4.86,$2.13,$3.26,$2.13,$2.13,$7.25,$5.00,$3.93,$2.13,$8.95,$2.83,$2.89,$2.13,$2.13,$2.13,$2.13,$2.13,$2.13,$4.17,$9.19,$2.33,$5.80,$2.13
,Mar-13,$2.13,$7.75,$2.13,$2.63,$4.80,$8.00,$4.76,$5.69,$2.77,$2.23,$4.77,$2.13,$7.00,$4.35,$3.35,$4.95,$2.13,$2.13,$2.13,$2.13,$2.63,$3.63,$3.75,$2.65,$7.25,$3.68,$2.13,$7.80,$2.13,$4.86,$2.13,$3.26,$2.13,$2.13,$7.25,$5.00,$3.93,$2.13,$8.95,$2.83,$2.89,$2.13,$2.13,$2.13,$2.13,$2.13,$2.13,$4.17,$9.19,$2.33,$5.80,$2.13
,Apr-13,$2.13,$7.75,$2.13,$2.63,$4.80,$8.00,$4.76,$5.69,$2.77,$2.23,$4.77,$2.13,$7.00,$4.35,$3.35,$4.95,$2.13,$2.13,$2.13,$2.13,$2.63,$3.63,$3.75,$2.65,$7.25,$3.68,$2.13,$7.80,$2.13,$4.86,$2.13,$3.26,$2.13,$2.13,$7.25,$5.00,$3.93,$2.13,$8.95,$2.83,$2.89,$2.13,$2.13,$2.13,$2.13,$2.13,$2.13,$4.17,$9.19,$2.33,$5.80,$2.13
,May-13,$2.13,$7.75,$2.13,$2.63,$4.80,$8.00,$4.76,$5.69,$2.77,$2.23,$4.77,$2.13,$7.00,$4.35,$3.35,$4.95,$2.13,$2.13,$2.13,$2.13,$2.63,$3.63,$3.75,$2.65,$7.25,$3.68,$2.13,$7.80,$2.13,$4.86,$2.13,$3.26,$2.13,$2.13,$7.25,$5.00,$3.93,$2.13,$8.95,$2.83,$2.89,$2.13,$2.13,$2.13,$2.13,$2.13,$2.13,$4.17,$9.19,$2.33,$5.80,$2.13
,Jun-13,$2.13,$7.75,$2.13,$2.63,$4.80,$8.00,$4.76,$5.69,$2.77,$2.23,$4.77,$2.13,$7.00,$4.35,$3.35,$4.95,$2.13,$2.13,$2.13,$2.13,$2.63,$3.63,$3.75,$2.65,$7.25,$3.68,$2.13,$7.80,$2.13,$4.86,$2.13,$3.26,$2.13,$2.13,$7.25,$5.00,$3.93,$2.13,$8.95,$2.83,$2.89,$2.13,$2.13,$2.13,$2.13,$2.13,$2.13,$4.17,$9.19,$2.33,$5.80,$2.13
,Jul-13,$2.13,$7.75,$2.13,$2.63,$4.80,$8.00,$4.76,$5.69,$2.77,$2.23,$4.77,$2.13,$7.00,$4.35,$3.35,$4.95,$2.13,$2.13,$2.13,$2.13,$2.63,$3.63,$3.75,$2.65,$7.25,$3.68,$2.13,$7.80,$2.13,$4.86,$2.13,$3.26,$2.13,$2.13,$7.25,$5.00,$3.93,$2.13,$8.95,$2.83,$2.89,$2.13,$2.13,$2.13,$2.13,$2.13,$2.13,$4.17,$9.19,$2.33,$5.80,$2.13
,Aug-13,$2.13,$7.75,$2.13,$2.63,$4.80,$8.00,$4.76,$5.69,$2.77,$2.23,$4.77,$2.13,$7.00,$4.35,$3.35,$4.95,$2.13,$2.13,$2.13,$2.13,$2.63,$3.63,$3.75,$2.65,$7.25,$3.68,$2.13,$7.80,$2.13,$4.86,$2.13,$3.26,$2.13,$2.13,$7.25,$5.00,$3.93,$2.13,$8.95,$2.83,$2.89,$2.13,$2.13,$2.13,$2.13,$2.13,$2.13,$4.17,$9.19,$2.33,$5.80,$2.13
,Sep-13,$2.13,$7.75,$2.13,$2.63,$4.80,$8.00,$4.76,$5.69,$2.77,$2.23,$4.77,$2.13,$7.00,$4.35,$3.35,$4.95,$2.13,$2.13,$2.13,$2.13,$2.63,$3.63,$3.75,$2.65,$7.25,$3.68,$2.13,$7.80,$2.13,$4.86,$2.13,$3.26,$2.13,$2.13,$7.25,$5.00,$3.93,$2.13,$8.95,$2.83,$2.89,$2.13,$2.13,$2.13,$2.13,$2.13,$2.13,$4.17,$9.19,$2.33,$5.80,$2.13
,Oct-13,$2.13,$7.75,$2.13,$2.63,$4.80,$8.00,$4.76,$5.69,$2.77,$2.23,$4.77,$2.13,$7.00,$4.35,$3.35,$4.95,$2.13,$2.13,$2.13,$2.13,$2.63,$3.63,$3.75,$2.65,$7.25,$3.68,$2.13,$7.80,$2.13,$4.86,$2.13,$3.26,$2.13,$2.13,$7.25,$5.00,$3.93,$2.13,$8.95,$2.83,$2.89,$2.13,$2.13,$2.13,$2.13,$2.13,$2.13,$4.17,$9.19,$2.33,$5.80,$2.13
,Nov-13,$2.13,$7.75,$2.13,$2.63,$4.80,$8.00,$4.76,$5.69,$2.77,$2.23,$4.77,$2.13,$7.00,$4.35,$3.35,$4.95,$2.13,$2.13,$2.13,$2.13,$2.63,$3.63,$3.75,$2.65,$7.25,$3.68,$2.13,$7.80,$2.13,$4.86,$2.13,$3.26,$2.13,$2.13,$7.25,$5.00,$3.93,$2.13,$8.95,$2.83,$2.89,$2.13,$2.13,$2.13,$2.13,$2.13,$2.13,$4.17,$9.19,$2.33,$5.80,$2.13
,Dec-13,$2.13,$7.75,$2.13,$2.63,$4.80,$8.00,$4.76,$5.69,$2.77,$2.23,$4.77,$2.13,$7.00,$4.35,$3.35,$4.95,$2.13,$2.13,$2.13,$2.13,$2.63,$3.63,$3.75,$2.65,$7.25,$3.68,$2.13,$7.80,$2.13,$4.86,$2.13,$3.26,$2.13,$2.13,$7.25,$5.00,$3.93,$2.13,$8.95,$2.83,$2.89,$2.13,$2.13,$2.13,$2.13,$2.13,$2.13,$4.17,$9.19,$2.33,$5.80,$2.13
,Jan-14,$2.13,$7.75,$2.13,$2.63,$4.90,$8.00,$4.98,$5.69,$2.77,$2.23,$4.91,$2.13,$7.00,$4.35,$3.35,$4.95,$2.13,$2.13,$2.13,$2.13,$2.63,$3.63,$3.75,$2.65,$7.25,$3.75,$2.13,$7.90,$2.13,$4.86,$2.13,$3.26,$2.13,$2.13,$8.25,$5.65,$3.98,$2.13,$9.10,$2.83,$2.89,$2.13,$2.13,$2.13,$2.13,$2.13,$2.13,$4.23,$9.32,$2.33,$5.80,$2.13
,Feb-14,$2.13,$7.75,$2.13,$2.63,$4.90,$8.00,$4.98,$5.69,$2.77,$2.23,$4.91,$2.13,$7.00,$4.35,$3.35,$4.95,$2.13,$2.13,$2.13,$2.13,$2.63,$3.63,$3.75,$2.65,$7.25,$3.75,$2.13,$7.90,$2.13,$4.86,$2.13,$3.26,$2.13,$2.13,$8.25,$5.65,$3.98,$2.13,$9.10,$2.83,$2.89,$2.13,$2.13,$2.13,$2.13,$2.13,$2.13,$4.23,$9.32,$2.33,$5.80,$2.13
,Mar-14,$2.13,$7.75,$2.13,$2.63,$4.90,$8.00,$4.98,$5.69,$2.77,$2.23,$4.91,$2.13,$7.00,$4.35,$3.35,$4.95,$2.13,$2.13,$2.13,$2.13,$2.63,$3.63,$3.75,$2.65,$7.25,$3.75,$2.13,$7.90,$2.13,$4.86,$2.13,$3.26,$2.13,$2.13,$8.25,$5.65,$3.98,$2.13,$9.10,$2.83,$2.89,$2.13,$2.13,$2.13,$2.13,$2.13,$2.13,$4.23,$9.32,$2.33,$5.80,$2.13
,Apr-14,$2.13,$7.75,$2.13,$2.63,$4.90,$8.00,$4.98,$5.69,$2.77,$2.23,$4.91,$2.13,$7.00,$4.35,$3.35,$4.95,$2.13,$2.13,$2.13,$2.13,$2.63,$3.63,$3.75,$2.65,$7.25,$3.75,$2.13,$7.90,$2.13,$4.86,$2.13,$3.26,$2.13,$2.13,$8.25,$5.65,$3.98,$2.13,$9.10,$2.83,$2.89,$2.13,$2.13,$2.13,$2.13,$2.13,$2.13,$4.23,$9.32,$2.33,$5.80,$2.13
,May-14,$2.13,$7.75,$2.13,$2.63,$4.90,$8.00,$4.98,$5.69,$2.77,$2.23,$4.91,$2.13,$7.00,$4.35,$3.35,$4.95,$2.13,$2.13,$2.13,$2.13,$2.63,$3.63,$3.75,$2.65,$7.25,$3.75,$2.13,$7.90,$2.13,$4.86,$2.13,$3.26,$2.13,$2.13,$8.25,$5.65,$3.98,$2.13,$9.10,$2.83,$2.89,$2.13,$2.13,$2.13,$2.13,$2.13,$2.13,$4.23,$9.32,$2.33,$5.80,$2.13
,Jun-14,$2.13,$7.75,$2.13,$2.63,$4.90,$8.00,$4.98,$5.69,$2.77,$2.23,$4.91,$2.13,$7.00,$4.35,$3.35,$4.95,$2.13,$2.13,$2.13,$2.13,$2.63,$3.63,$3.75,$2.65,$7.25,$3.75,$2.13,$7.90,$2.13,$4.86,$2.13,$3.26,$2.13,$2.13,$8.25,$5.65,$3.98,$2.13,$9.10,$2.83,$2.89,$2.13,$2.13,$2.13,$2.13,$2.13,$2.13,$4.23,$9.32,$2.33,$5.80,$2.13
,Jul-14,$2.13,$7.75,$2.13,$2.63,$4.90,$9.00,$4.98,$5.69,$2.77,$2.23,$4.91,$2.13,$7.00,$4.35,$3.35,$4.95,$2.13,$2.13,$2.13,$2.13,$2.63,$3.63,$3.75,$2.65,$7.25,$3.75,$2.13,$7.90,$2.13,$4.86,$2.13,$3.26,$2.13,$2.13,$8.25,$5.65,$3.98,$2.13,$9.10,$2.83,$2.89,$2.13,$2.13,$2.13,$2.13,$2.13,$2.13,$4.23,$9.32,$2.33,$5.80,$2.13
,Aug-14,$2.13,$7.75,$2.13,$2.63,$4.90,$9.00,$4.98,$5.69,$2.77,$2.23,$4.91,$2.13,$7.00,$4.35,$3.35,$4.95,$2.13,$2.13,$2.13,$2.13,$2.63,$3.63,$3.75,$2.65,$8.00,$3.75,$2.13,$7.90,$2.13,$4.86,$2.13,$3.26,$2.13,$2.13,$8.25,$5.65,$3.98,$2.13,$9.10,$2.83,$2.89,$2.13,$2.13,$2.13,$2.13,$2.13,$2.13,$4.23,$9.32,$2.33,$5.80,$2.13
,Sep-14,$2.13,$7.75,$2.13,$2.63,$4.90,$9.00,$4.98,$5.69,$2.77,$2.23,$4.91,$2.13,$7.00,$4.35,$3.35,$4.95,$2.13,$2.13,$2.13,$2.13,$2.63,$3.63,$3.75,$3.10,$8.00,$3.75,$2.13,$7.90,$2.13,$4.86,$2.13,$3.26,$2.13,$2.13,$8.25,$5.65,$3.98,$2.13,$9.10,$2.83,$2.89,$2.13,$2.13,$2.13,$2.13,$2.13,$2.13,$4.23,$9.32,$2.33,$5.80,$2.13
,Oct-14,$2.13,$7.75,$2.13,$2.63,$4.90,$9.00,$4.98,$5.69,$2.77,$2.23,$4.91,$2.13,$7.00,$4.35,$3.35,$4.95,$2.13,$2.13,$2.13,$2.13,$2.63,$3.63,$3.75,$3.10,$8.00,$3.75,$2.13,$7.90,$2.13,$4.86,$2.13,$3.26,$2.13,$2.13,$8.25,$5.65,$3.98,$2.13,$9.10,$2.83,$2.89,$2.13,$2.13,$2.13,$2.13,$2.13,$2.13,$4.23,$9.32,$2.33,$5.80,$2.13
,Nov-14,$2.13,$7.75,$2.13,$2.63,$4.90,$9.00,$4.98,$5.69,$2.77,$2.23,$4.91,$2.13,$7.00,$4.35,$3.35,$4.95,$2.13,$2.13,$2.13,$2.13,$2.63,$3.63,$3.75,$3.10,$8.00,$3.75,$2.13,$7.90,$2.13,$4.86,$2.13,$3.26,$2.13,$2.13,$8.25,$5.65,$3.98,$2.13,$9.10,$2.83,$2.89,$2.13,$2.13,$2.13,$2.13,$2.13,$2.13,$4.23,$9.32,$2.33,$5.80,$2.13
,Dec-14,$2.13,$7.75,$2.13,$2.63,$4.90,$9.00,$4.98,$5.69,$2.77,$2.23,$4.91,$2.13,$7.00,$4.35,$3.35,$4.95,$2.13,$2.13,$2.13,$2.13,$2.63,$3.63,$3.75,$3.10,$8.00,$3.75,$2.13,$7.90,$2.13,$4.86,$2.13,$3.26,$2.13,$2.13,$8.25,$5.65,$3.98,$2.13,$9.10,$2.83,$2.89,$2.13,$2.13,$2.13,$2.13,$2.13,$2.13,$4.23,$9.32,$2.33,$5.80,$2.13
,Jan-15,$2.13,$7.75,$2.13,$2.63,$5.05,$9.00,$5.21,$5.78,$2.77,$2.23,$5.03,$2.13,$7.25,$4.35,$3.35,$4.95,$2.13,$2.13,$2.13,$2.13,$3.00,$3.63,$3.75,$3.10,$8.00,$3.83,$2.13,$8.05,$2.13,$4.86,$2.13,$3.26,$2.13,$2.13,$8.25,$5.65,$4.05,$2.13,$9.25,$2.83,$2.89,$2.13,$4.25,$2.13,$2.13,$2.13,$2.13,$4.58,$9.47,$2.33,$2.40,$2.13
,Feb-15,$2.13,$8.75,$2.13,$2.63,$5.05,$9.00,$5.21,$5.78,$2.77,$2.23,$5.03,$2.13,$7.25,$4.35,$3.35,$4.95,$2.13,$2.13,$2.13,$2.13,$3.00,$3.63,$3.75,$3.10,$8.00,$3.83,$2.13,$8.05,$2.13,$4.86,$2.13,$3.26,$2.13,$2.13,$8.25,$5.65,$4.05,$2.13,$9.25,$2.83,$2.89,$2.13,$4.25,$2.13,$2.13,$2.13,$2.13,$4.58,$9.47,$2.33,$2.40,$2.13
,Mar-15,$2.13,$8.75,$2.13,$2.63,$5.05,$9.00,$5.21,$5.78,$2.77,$2.23,$5.03,$2.13,$7.25,$4.35,$3.35,$4.95,$2.13,$2.13,$2.13,$2.13,$3.00,$3.63,$3.75,$3.10,$8.00,$3.83,$2.13,$8.05,$2.13,$4.86,$2.13,$3.26,$2.13,$2.13,$8.25,$5.65,$4.05,$2.13,$9.25,$2.83,$2.89,$2.13,$4.25,$2.13,$2.13,$2.13,$2.13,$4.58,$9.47,$2.33,$2.40,$2.13
,Apr-15,$2.13,$8.75,$2.13,$2.63,$5.05,$9.00,$5.21,$5.78,$2.77,$2.23,$5.03,$2.13,$7.25,$4.35,$3.35,$4.95,$2.13,$2.13,$2.13,$2.13,$3.00,$3.63,$3.75,$3.10,$8.00,$3.83,$2.13,$8.05,$2.13,$4.86,$2.13,$3.26,$2.13,$2.13,$8.25,$5.65,$4.05,$2.13,$9.25,$2.83,$2.89,$2.13,$4.25,$2.13,$2.13,$2.13,$2.13,$4.58,$9.47,$2.33,$2.40,$2.13
,May-15,$2.13,$8.75,$2.13,$2.63,$5.05,$9.00,$5.21,$5.78,$2.77,$2.23,$5.03,$2.13,$7.25,$4.35,$3.35,$4.95,$2.13,$2.13,$2.13,$2.13,$3.00,$3.63,$3.75,$3.10,$8.00,$3.83,$2.13,$8.05,$2.13,$4.86,$2.13,$3.26,$2.13,$2.13,$8.25,$5.65,$4.05,$2.13,$9.25,$2.83,$2.89,$2.13,$4.25,$2.13,$2.13,$2.13,$2.13,$4.58,$9.47,$2.33,$2.40,$2.13
,Jun-15,$2.13,$8.75,$2.13,$2.63,$5.05,$9.00,$5.21,$5.78,$2.77,$2.23,$5.03,$2.13,$7.25,$4.35,$3.35,$4.95,$2.13,$2.13,$2.13,$2.13,$3.00,$3.63,$3.75,$3.10,$8.00,$3.83,$2.13,$8.05,$2.13,$4.86,$2.13,$3.26,$2.13,$2.13,$8.25,$5.65,$4.05,$2.13,$9.25,$2.83,$2.89,$2.13,$4.25,$2.13,$2.13,$2.13,$2.13,$4.58,$9.47,$2.33,$2.40,$2.13
,Jul-15,$2.13,$8.75,$2.13,$2.63,$5.05,$9.00,$5.21,$5.78,$2.77,$2.23,$5.03,$2.13,$7.25,$4.35,$3.35,$4.95,$2.13,$2.13,$2.13,$2.13,$3.00,$3.63,$3.75,$3.10,$8.00,$3.83,$2.13,$8.05,$2.13,$4.86,$2.13,$3.26,$2.13,$2.13,$8.25,$5.65,$4.05,$2.13,$9.25,$2.83,$2.89,$2.13,$4.25,$2.13,$2.13,$2.13,$2.13,$4.58,$9.47,$2.33,$2.40,$2.13
,Aug-15,$2.13,$8.75,$2.13,$2.63,$5.05,$9.00,$5.21,$5.78,$2.77,$2.23,$5.03,$2.13,$7.25,$4.35,$3.35,$4.95,$2.13,$2.13,$2.13,$2.13,$3.00,$3.63,$3.75,$3.10,$9.00,$3.83,$2.13,$8.05,$2.13,$4.86,$2.13,$3.26,$2.13,$2.13,$8.25,$5.65,$4.05,$2.13,$9.25,$2.83,$2.89,$2.13,$4.25,$2.13,$2.13,$2.13,$2.13,$4.58,$9.47,$2.33,$2.40,$2.13
,Sep-15,$2.13,$8.75,$2.13,$2.63,$5.05,$9.00,$5.21,$5.78,$2.77,$2.23,$5.03,$2.13,$7.25,$4.35,$3.35,$4.95,$2.13,$2.13,$2.13,$2.13,$3.00,$3.63,$3.75,$3.10,$9.00,$3.83,$2.13,$8.05,$2.13,$4.86,$2.13,$3.26,$2.13,$2.13,$8.25,$5.65,$4.05,$2.13,$9.25,$2.83,$2.89,$2.13,$4.25,$2.13,$2.13,$2.13,$2.13,$4.58,$9.47,$2.33,$2.40,$2.13
,Oct-15,$2.13,$8.75,$2.13,$2.63,$5.05,$9.00,$5.21,$5.78,$2.77,$2.23,$5.03,$2.13,$7.25,$4.35,$3.35,$4.95,$2.13,$2.13,$2.13,$2.13,$3.00,$3.63,$3.75,$3.10,$9.00,$3.83,$2.13,$8.05,$2.13,$4.86,$2.13,$3.26,$2.13,$2.13,$8.25,$5.65,$4.05,$2.13,$9.25,$2.83,$2.89,$2.13,$4.25,$2.13,$2.13,$2.13,$2.13,$4.58,$9.47,$2.33,$2.40,$2.13
,Nov-15,$2.13,$8.75,$2.13,$2.63,$5.05,$9.00,$5.21,$5.78,$2.77,$2.23,$5.03,$2.13,$7.25,$4.35,$3.35,$4.95,$2.13,$2.13,$2.13,$2.13,$3.00,$3.63,$3.75,$3.10,$9.00,$3.83,$2.13,$8.05,$2.13,$4.86,$2.13,$3.26,$2.13,$2.13,$8.25,$5.65,$4.05,$2.13,$9.25,$2.83,$2.89,$2.13,$4.25,$2.13,$2.13,$2.13,$2.13,$4.58,$9.47,$2.33,$2.40,$2.13
,Dec-15,$2.13,$8.75,$2.13,$2.63,$5.05,$9.00,$5.21,$5.78,$2.77,$2.23,$5.03,$2.13,$7.25,$4.35,$3.35,$4.95,$2.13,$2.13,$2.13,$2.13,$3.00,$3.63,$3.75,$3.10,$9.00,$3.83,$2.13,$8.05,$2.13,$4.86,$2.13,$3.26,$2.13,$2.13,$8.25,$5.65,$4.05,$2.13,$9.25,$2.83,$2.89,$2.13,$4.25,$2.13,$2.13,$2.13,$2.13,$4.58,$9.47,$2.33,$2.40,$2.13
240.0075,Jan-16,$2.13,$9.75,$2.13,$2.63,$5.05,$10.00,$5.29,$6.07,$2.77,$2.23,$5.03,$2.13,$7.75,$4.35,$3.35,$4.95,$2.13,$2.13,$2.13,$2.13,$3.35,$3.63,$3.75,$3.23,$9.00,$3.83,$2.13,$8.05,$2.13,$4.86,$2.13,$3.26,$2.13,$2.13,$8.25,$7.50,$4.05,$2.13,$9.25,$2.83,$3.39,$2.13,$4.28,$2.13,$2.13,$2.13,$2.13,$4.80,$9.47,$2.33,$2.63,$2.13
,Feb-16,$2.13,$9.75,$2.13,$2.63,$5.05,$10.00,$5.29,$6.07,$2.77,$2.23,$5.03,$2.13,$7.75,$4.35,$3.35,$4.95,$2.13,$2.13,$2.13,$2.13,$3.35,$3.63,$3.75,$3.23,$9.00,$3.83,$2.13,$8.05,$2.13,$4.86,$2.13,$3.26,$2.13,$2.13,$8.25,$7.50,$4.05,$2.13,$9.25,$2.83,$3.39,$2.13,$4.28,$2.13,$2.13,$2.13,$2.13,$4.80,$9.47,$2.33,$2.63,$2.13
,Mar-16,$2.13,$9.75,$2.13,$2.63,$5.05,$10.00,$5.29,$6.07,$2.77,$2.23,$5.03,$2.13,$7.75,$4.35,$3.35,$4.95,$2.13,$2.13,$2.13,$2.13,$3.35,$3.63,$3.75,$3.23,$9.00,$3.83,$2.13,$8.05,$2.13,$4.86,$2.13,$3.26,$2.13,$2.13,$8.25,$7.50,$4.05,$2.13,$9.25,$2.83,$3.39,$2.13,$4.28,$2.13,$2.13,$2.13,$2.13,$4.80,$9.47,$2.33,$2.63,$2.13
,Apr-16,$2.13,$9.75,$2.13,$2.63,$5.05,$10.00,$5.29,$6.07,$2.77,$2.23,$5.03,$2.13,$7.75,$4.35,$3.35,$4.95,$2.13,$2.13,$2.13,$2.13,$3.35,$3.63,$3.75,$3.23,$9.00,$3.83,$2.13,$8.05,$2.13,$4.86,$2.13,$3.26,$2.13,$2.13,$8.25,$7.50,$4.05,$2.13,$9.25,$2.83,$3.39,$2.13,$4.28,$2.13,$2.13,$2.13,$2.13,$4.80,$9.47,$2.33,$2.63,$2.13
,May-16,$2.13,$9.75,$2.13,$2.63,$5.05,$10.00,$5.29,$6.07,$2.77,$2.23,$5.03,$2.13,$7.75,$4.35,$3.35,$4.95,$2.13,$2.13,$2.13,$2.13,$3.35,$3.63,$3.75,$3.23,$9.00,$3.83,$2.13,$8.05,$2.13,$4.86,$2.13,$3.26,$2.13,$2.13,$8.25,$7.50,$4.05,$2.13,$9.25,$2.83,$3.39,$2.13,$4.28,$2.13,$2.13,$2.13,$2.13,$4.80,$9.47,$2.33,$2.63,$2.13
,Jun-16,$2.13,$9.75,$2.13,$2.63,$5.05,$10.00,$5.29,$6.07,$2.77,$2.23,$5.03,$2.13,$7.75,$4.35,$3.35,$4.95,$2.13,$2.13,$2.13,$2.13,$3.35,$3.63,$3.75,$3.23,$9.00,$3.83,$2.13,$8.05,$2.13,$4.86,$2.13,$3.26,$2.13,$2.13,$8.25,$7.50,$4.05,$2.13,$9.25,$2.83,$3.39,$2.13,$4.28,$2.13,$2.13,$2.13,$2.13,$4.80,$9.47,$2.33,$2.63,$2.13
,Jul-16,$2.13,$9.75,$2.13,$2.63,$5.05,$10.00,$5.29,$6.07,$2.77,$2.23,$5.03,$2.13,$7.75,$4.35,$3.35,$4.95,$2.13,$2.13,$2.13,$2.13,$3.35,$3.63,$3.75,$3.23,$9.00,$3.83,$2.13,$8.05,$2.13,$4.86,$2.13,$3.26,$2.13,$2.13,$8.25,$7.50,$4.05,$2.13,$9.75,$2.83,$3.39,$2.13,$4.28,$2.13,$2.13,$2.13,$2.13,$4.80,$9.47,$2.33,$2.63,$2.13
,Aug-16,$2.13,$9.75,$2.13,$2.63,$5.05,$10.00,$5.29,$6.07,$2.77,$2.23,$5.03,$2.13,$7.75,$4.35,$3.35,$4.95,$2.13,$2.13,$2.13,$2.13,$3.35,$3.63,$3.75,$3.23,$9.50,$3.83,$2.13,$8.05,$2.13,$4.86,$2.13,$3.26,$2.13,$2.13,$8.25,$7.50,$4.05,$2.13,$9.75,$2.83,$3.39,$2.13,$4.28,$2.13,$2.13,$2.13,$2.13,$4.80,$9.47,$2.33,$2.63,$2.13
,Sep-16,$2.13,$9.75,$2.13,$2.63,$5.05,$10.00,$5.29,$6.07,$2.77,$2.23,$5.03,$2.13,$7.75,$4.35,$3.35,$4.95,$2.13,$2.13,$2.13,$2.13,$3.35,$3.63,$3.75,$3.23,$9.50,$3.83,$2.13,$8.05,$2.13,$4.86,$2.13,$3.26,$2.13,$2.13,$8.25,$7.50,$4.05,$2.13,$9.75,$2.83,$3.39,$2.13,$4.28,$2.13,$2.13,$2.13,$2.13,$4.80,$9.47,$2.33,$2.63,$2.13
,Oct-16,$2.13,$9.75,$2.13,$2.63,$5.05,$10.00,$5.29,$6.07,$2.77,$2.23,$5.03,$2.13,$7.75,$4.35,$3.35,$4.95,$2.13,$2.13,$2.13,$2.13,$3.35,$3.63,$3.75,$3.23,$9.50,$3.83,$2.13,$8.05,$2.13,$4.86,$2.13,$3.26,$2.13,$2.13,$8.25,$7.50,$4.05,$2.13,$9.75,$2.83,$3.39,$2.13,$4.28,$2.13,$2.13,$2.13,$2.13,$4.80,$9.47,$2.33,$2.63,$2.13
,Nov-16,$2.13,$9.75,$2.13,$2.63,$5.05,$10.00,$5.29,$6.07,$2.77,$2.23,$5.03,$2.13,$7.75,$4.35,$3.35,$4.95,$2.13,$2.13,$2.13,$2.13,$3.35,$3.63,$3.75,$3.23,$9.50,$3.83,$2.13,$8.05,$2.13,$4.86,$2.13,$3.26,$2.13,$2.13,$8.25,$7.50,$4.05,$2.13,$9.75,$2.83,$3.39,$2.13,$4.28,$2.13,$2.13,$2.13,$2.13,$4.80,$9.47,$2.33,$2.63,$2.13
,Dec-16,$2.13,$9.75,$2.13,$2.63,$5.05,$10.00,$5.29,$6.07,$2.77,$2.23,$5.03,$2.13,$7.75,$4.35,$3.35,$4.95,$2.13,$2.13,$2.13,$2.13,$3.35,$3.63,$3.75,$3.23,$9.50,$3.83,$2.13,$8.05,$2.13,$4.86,$2.13,$3.26,$2.13,$2.13,$8.25,$7.50,$4.05,$2.13,$9.75,$2.83,$3.39,$2.13,$4.28,$2.13,$2.13,$2.13,$2.13,$4.80,$9.47,$2.33,$2.63,$2.13
245.134,Jan-17,$2.13,$9.80,$2.13,$2.63,$7.00,$10.50,$6.28,$6.38,$2.77,$2.23,$5.08,$2.13,$8.50,$4.35,$3.35,$4.95,$2.13,$2.13,$2.13,$2.13,$3.75,$3.63,$5.00,$3.38,$9.50,$3.85,$2.13,$8.20,$2.13,$4.86,$2.13,$3.26,$2.13,$2.13,$8.25,$7.50,$4.08,$2.13,$9.75,$2.83,$3.89,$2.13,$4.33,$2.13,$2.13,$2.13,$2.13,$5.00,$11.00,$2.33,$2.63,$2.13
,Feb-17,$2.13,$9.80,$2.13,$2.63,$7.00,$10.50,$6.28,$6.38,$2.77,$2.23,$5.08,$2.13,$8.50,$4.35,$3.35,$4.95,$2.13,$2.13,$2.13,$2.13,$3.75,$3.63,$5.00,$3.38,$9.50,$3.85,$2.13,$8.15,$2.13,$4.86,$2.13,$3.26,$2.13,$2.13,$8.25,$7.50,$4.08,$2.13,$9.75,$2.83,$3.89,$2.13,$4.33,$2.13,$2.13,$2.13,$2.13,$5.00,$11.00,$2.33,$2.63,$2.13
,Mar-17,$2.13,$9.80,$2.13,$2.63,$7.00,$10.50,$6.28,$6.38,$2.77,$2.23,$5.08,$2.13,$8.50,$4.35,$3.35,$4.95,$2.13,$2.13,$2.13,$2.13,$3.75,$3.63,$5.00,$3.38,$9.50,$3.85,$2.13,$8.15,$2.13,$4.86,$2.13,$3.26,$2.13,$2.13,$8.25,$7.50,$4.08,$2.13,$9.75,$2.83,$3.89,$2.13,$4.33,$2.13,$2.13,$2.13,$2.13,$5.00,$11.00,$2.33,$2.63,$2.13
,Apr-17,$2.13,$9.80,$2.13,$2.63,$7.00,$10.50,$6.28,$6.38,$2.77,$2.23,$5.08,$2.13,$8.50,$4.35,$3.35,$4.95,$2.13,$2.13,$2.13,$2.13,$3.75,$3.63,$5.00,$3.38,$9.50,$3.85,$2.13,$8.15,$2.13,$4.86,$2.13,$3.26,$2.13,$2.13,$8.25,$7.50,$4.08,$2.13,$9.75,$2.83,$3.89,$2.13,$4.33,$2.13,$2.13,$2.13,$2.13,$5.00,$11.00,$2.33,$2.63,$2.13
,May-17,$2.13,$9.80,$2.13,$2.63,$7.00,$10.50,$6.28,$6.38,$2.77,$2.23,$5.08,$2.13,$8.50,$4.35,$3.35,$4.95,$2.13,$2.13,$2.13,$2.13,$3.75,$3.63,$5.00,$3.38,$9.50,$3.85,$2.13,$8.15,$2.13,$4.86,$2.13,$3.26,$2.13,$2.13,$8.25,$7.50,$4.08,$2.13,$9.75,$2.83,$3.89,$2.13,$4.33,$2.13,$2.13,$2.13,$2.13,$5.00,$11.00,$2.33,$2.63,$2.13
,Jun-17,$2.13,$9.80,$2.13,$2.63,$7.00,$10.50,$6.28,$6.38,$2.77,$2.23,$5.08,$2.13,$8.50,$4.35,$3.35,$4.95,$2.13,$2.13,$2.13,$2.13,$3.75,$3.63,$5.00,$3.38,$9.50,$3.85,$2.13,$8.15,$2.13,$4.86,$2.13,$3.26,$2.13,$2.13,$8.25,$7.50,$4.08,$2.13,$9.75,$2.83,$3.89,$2.13,$4.33,$2.13,$2.13,$2.13,$2.13,$5.00,$11.00,$2.33,$2.63,$2.13
,Jul-17,$2.13,$9.80,$2.13,$2.63,$7.00,$10.50,$6.28,$6.38,$3.33,$2.23,$5.08,$2.13,$8.50,$4.35,$3.35,$4.95,$2.13,$2.13,$2.13,$2.13,$3.75,$3.63,$5.00,$3.38,$9.50,$3.85,$2.13,$8.15,$2.13,$4.86,$2.13,$3.26,$2.13,$2.13,$8.25,$7.50,$4.08,$2.13,$10.25,$2.83,$3.89,$2.13,$4.33,$2.13,$2.13,$2.13,$2.13,$5.00,$11.00,$2.33,$2.63,$2.13
,Aug-17,$2.13,$9.80,$2.13,$2.63,$7.00,$10.50,$6.28,$6.38,$3.33,$2.23,$5.08,$2.13,$8.50,$4.35,$3.35,$4.95,$2.13,$2.13,$2.13,$2.13,$3.75,$3.63,$5.00,$3.38,$9.50,$3.85,$2.13,$8.15,$2.13,$4.86,$2.13,$3.26,$2.13,$2.13,$8.25,$7.50,$4.08,$2.13,$10.25,$2.83,$3.89,$2.13,$4.33,$2.13,$2.13,$2.13,$2.13,$5.00,$11.00,$2.33,$2.63,$2.13
,Sep-17,$2.13,$9.80,$2.13,$2.63,$7.00,$10.50,$6.28,$6.38,$3.33,$2.23,$5.08,$2.13,$8.50,$4.35,$3.35,$4.95,$2.13,$2.13,$2.13,$2.13,$3.75,$3.63,$5.00,$3.38,$9.50,$3.85,$2.13,$8.15,$2.13,$4.86,$2.13,$3.26,$2.13,$2.13,$8.25,$7.50,$4.08,$2.13,$10.25,$2.83,$3.89,$2.13,$4.33,$2.13,$2.13,$2.13,$2.13,$5.00,$11.00,$2.33,$2.63,$2.13
,Oct-17,$2.13,$9.80,$2.13,$2.63,$7.00,$10.50,$6.28,$6.38,$3.33,$2.23,$5.08,$2.13,$8.50,$4.35,$3.35,$4.95,$2.13,$2.13,$2.13,$2.13,$3.75,$3.63,$5.00,$3.38,$9.50,$3.85,$2.13,$8.15,$2.13,$4.86,$2.13,$3.26,$2.13,$2.13,$8.25,$7.50,$4.08,$2.13,$10.25,$2.83,$3.89,$2.13,$4.33,$2.13,$2.13,$2.13,$2.13,$5.00,$11.00,$2.33,$2.63,$2.13
,Nov-17,$2.13,$9.80,$2.13,$2.63,$7.00,$10.50,$6.28,$6.38,$3.33,$2.23,$5.08,$2.13,$8.50,$4.35,$3.35,$4.95,$2.13,$2.13,$2.13,$2.13,$3.75,$3.63,$5.00,$3.38,$9.50,$3.85,$2.13,$8.15,$2.13,$4.86,$2.13,$3.26,$2.13,$2.13,$8.25,$7.50,$4.08,$2.13,$10.25,$2.83,$3.89,$2.13,$4.33,$2.13,$2.13,$2.13,$2.13,$5.00,$11.00,$2.33,$2.63,$2.13
,Dec-17,$2.13,$9.80,$2.13,$2.63,$7.00,$10.50,$6.28,$6.38,$3.33,$2.23,$5.08,$2.13,$8.50,$4.35,$3.35,$4.95,$2.13,$2.13,$2.13,$2.13,$3.75,$3.63,$5.00,$3.38,$9.50,$3.85,$2.13,$8.15,$2.13,$4.86,$2.13,$3.26,$2.13,$2.13,$8.25,$7.50,$4.08,$2.13,$10.25,$2.83,$3.89,$2.13,$4.33,$2.13,$2.13,$2.13,$2.13,$5.00,$11.00,$2.33,$2.63,$2.13
251.104,Jan-18,$2.13,$9.84,$2.13,$2.63,$7.50,$11.00,$7.18,$6.38,$3.33,$2.23,$5.23,$2.13,$9.35,$4.35,$3.35,$4.95,$2.13,$2.13,$2.13,$2.13,$3.75,$3.63,$5.00,$3.52,$9.65,$3.93,$2.13,$8.30,$2.13,$4.86,$2.13,$3.26,$2.13,$2.13,$8.25,$7.50,$4.15,$2.13,$10.25,$2.83,$3.89,$2.13,$4.43,$2.13,$2.13,$2.13,$2.13,$5.25,$11.50,$2.33,$2.63,$2.13
,Feb-18,$2.13,$9.84,$2.13,$2.63,$7.50,$11.00,$7.18,$6.38,$3.33,$2.23,$5.23,$2.13,$9.35,$4.35,$3.35,$4.95,$2.13,$2.13,$2.13,$2.13,$3.75,$3.63,$5.00,$3.52,$9.65,$3.93,$2.13,$8.30,$2.13,$4.86,$2.13,$3.26,$2.13,$2.13,$8.25,$7.50,$4.15,$2.13,$10.25,$2.83,$3.89,$2.13,$4.43,$2.13,$2.13,$2.13,$2.13,$5.25,$11.50,$2.33,$2.63,$2.13
,Mar-18,$2.13,$9.84,$2.13,$2.63,$7.50,$11.00,$7.18,$6.38,$3.33,$2.23,$5.23,$2.13,$9.35,$4.35,$3.35,$4.95,$2.13,$2.13,$2.13,$2.13,$3.75,$3.63,$5.00,$3.52,$9.65,$3.93,$2.13,$8.30,$2.13,$4.86,$2.13,$3.26,$2.13,$2.13,$8.25,$7.50,$4.15,$2.13,$10.25,$2.83,$3.89,$2.13,$4.43,$2.13,$2.13,$2.13,$2.13,$5.25,$11.50,$2.33,$2.63,$2.13
,Apr-18,$2.13,$9.84,$2.13,$2.63,$7.50,$11.00,$7.18,$6.38,$3.33,$2.23,$5.23,$2.13,$9.35,$4.35,$3.35,$4.95,$2.13,$2.13,$2.13,$2.13,$3.75,$3.63,$5.00,$3.52,$9.65,$3.93,$2.13,$8.30,$2.13,$4.86,$2.13,$3.26,$2.13,$2.13,$8.25,$7.50,$4.15,$2.13,$10.25,$2.83,$3.89,$2.13,$4.43,$2.13,$2.13,$2.13,$2.13,$5.25,$11.50,$2.33,$2.63,$2.13
,May-18,$2.13,$9.84,$2.13,$2.63,$7.50,$11.00,$7.18,$6.38,$3.33,$2.23,$5.23,$2.13,$9.35,$4.35,$3.35,$4.95,$2.13,$2.13,$2.13,$2.13,$3.75,$3.63,$5.00,$3.52,$9.65,$3.93,$2.13,$8.30,$2.13,$4.86,$2.13,$3.26,$2.13,$2.13,$8.25,$7.50,$4.15,$2.13,$10.25,$2.83,$3.89,$2.13,$4.43,$2.13,$2.13,$2.13,$2.13,$5.25,$11.50,$2.33,$2.63,$2.13
,Jun-18,$2.13,$9.84,$2.13,$2.63,$7.50,$11.00,$7.18,$6.38,$3.33,$2.23,$5.23,$2.13,$9.35,$4.35,$3.35,$4.95,$2.13,$2.13,$2.13,$2.13,$3.75,$3.63,$5.00,$3.52,$9.65,$3.93,$2.13,$8.30,$2.13,$4.86,$2.13,$3.26,$2.13,$2.13,$8.25,$7.50,$4.15,$2.13,$10.25,$2.83,$3.89,$2.13,$4.43,$2.13,$2.13,$2.13,$2.13,$5.25,$11.50,$2.33,$2.63,$2.13
,Jul-18,$2.13,$9.84,$2.13,$2.63,$7.50,$11.00,$7.18,$6.38,$3.89,$2.23,$5.23,$2.13,$9.35,$4.35,$3.35,$4.95,$2.13,$2.13,$2.13,$2.13,$3.75,$3.63,$5.00,$3.52,$9.65,$3.93,$2.13,$8.30,$2.13,$4.86,$2.13,$3.26,$2.13,$2.13,$8.25,$7.50,$4.15,$2.13,$10.75,$2.83,$3.89,$2.13,$4.43,$2.13,$2.13,$2.13,$2.13,$5.25,$11.50,$2.33,$2.63,$2.13
,Aug-18,$2.13,$9.84,$2.13,$2.63,$7.50,$11.00,$7.18,$6.38,$3.89,$2.23,$5.23,$2.13,$9.35,$4.35,$3.35,$4.95,$2.13,$2.13,$2.13,$2.13,$3.75,$3.63,$5.00,$3.52,$9.65,$3.93,$2.13,$8.30,$2.13,$4.86,$2.13,$3.26,$2.13,$2.13,$8.25,$7.50,$4.15,$2.13,$10.75,$2.83,$3.89,$2.13,$4.43,$2.13,$2.13,$2.13,$2.13,$5.25,$11.50,$2.33,$2.63,$2.13
,Sep-18,$2.13,$9.84,$2.13,$2.63,$7.50,$11.00,$7.18,$6.38,$3.89,$2.23,$5.23,$2.13,$9.35,$4.35,$3.35,$4.95,$2.13,$2.13,$2.13,$2.13,$3.75,$3.63,$5.00,$3.52,$9.65,$3.93,$2.13,$8.30,$2.13,$4.86,$2.13,$3.26,$2.13,$2.13,$8.25,$7.50,$4.15,$2.13,$10.75,$2.83,$3.89,$2.13,$4.43,$2.13,$2.13,$2.13,$2.13,$5.25,$11.50,$2.33,$2.63,$2.13
,Oct-18,$2.13,$9.84,$2.13,$2.63,$7.50,$11.00,$7.18,$6.38,$3.89,$2.23,$5.23,$2.13,$9.35,$4.35,$3.35,$4.95,$2.13,$2.13,$2.13,$2.13,$3.75,$3.63,$5.00,$3.52,$9.65,$3.93,$2.13,$8.30,$2.13,$4.86,$2.13,$3.26,$2.13,$2.13,$8.25,$7.50,$4.15,$2.13,$10.75,$2.83,$3.89,$2.13,$4.43,$2.13,$2.13,$2.13,$2.13,$5.25,$11.50,$2.33,$2.63,$2.13
,Nov-18,$2.13,$9.84,$2.13,$2.63,$7.50,$11.00,$7.18,$6.38,$3.89,$2.23,$5.23,$2.13,$9.35,$4.35,$3.35,$4.95,$2.13,$2.13,$2.13,$2.13,$3.75,$3.63,$5.00,$3.52,$9.65,$3.93,$2.13,$8.30,$2.13,$4.86,$2.13,$3.26,$2.13,$2.13,$8.25,$7.50,$4.15,$2.13,$10.75,$2.83,$3.89,$2.13,$4.43,$2.13,$2.13,$2.13,$2.13,$5.25,$11.50,$2.33,$2.63,$2.13
,Dec-18,$2.13,$9.84,$2.13,$2.63,$7.50,$11.00,$7.18,$6.38,$3.89,$2.23,$5.23,$2.13,$9.35,$4.35,$3.35,$4.95,$2.13,$2.13,$2.13,$2.13,$3.75,$3.63,$5.00,$3.52,$9.65,$3.93,$2.13,$8.30,$2.13,$4.86,$2.13,$3.26,$2.13,$2.13,$8.25,$7.50,$4.15,$2.13,$10.75,$2.83,$3.89,$2.13,$4.43,$2.13,$2.13,$2.13,$2.13,$5.25,$11.50,$2.33,$2.63,$2.13
255.69,Jan-19,$2.13,$9.89,$2.13,$2.63,$8.00,$12.00,$8.08,$6.38,$3.89,$2.23,$5.44,$2.13,$9.35,$4.35,$3.35,$4.95,$2.13,$2.13,$2.13,$2.13,$4.35,$3.63,$5.50,$3.59,$9.86,$4.30,$2.13,$8.50,$2.13,$4.86,$2.13,$3.26,$2.13,$2.13,$8.25,$7.50,$4.30,$2.13,$10.75,$2.83,$3.89,$2.13,$4.55,$2.13,$2.13,$2.13,$2.13,$5.39,$12.00,$2.33,$2.63,$2.13
,Feb-19,$2.13,$9.89,$2.13,$2.63,$8.00,$12.00,$8.08,$6.38,$3.89,$2.23,$5.44,$2.13,$9.35,$4.35,$3.35,$4.95,$2.13,$2.13,$2.13,$2.13,$4.35,$3.63,$5.50,$3.59,$9.86,$4.30,$2.13,$8.50,$2.13,$4.86,$2.13,$3.26,$2.13,$2.13,$8.25,$7.50,$4.30,$2.13,$10.75,$2.83,$3.89,$2.13,$4.55,$2.13,$2.13,$2.13,$2.13,$5.39,$12.00,$2.33,$2.63,$2.13
,Mar-19,$2.13,$9.89,$2.13,$2.63,$8.00,$12.00,$8.08,$6.38,$3.89,$2.23,$5.44,$2.13,$9.35,$4.35,$3.35,$4.95,$2.13,$2.13,$2.13,$2.13,$4.35,$3.63,$5.50,$3.59,$9.86,$4.30,$2.13,$8.50,$2.13,$4.86,$2.13,$3.26,$2.13,$2.13,$8.25,$7.50,$4.30,$2.13,$10.75,$2.83,$3.89,$2.13,$4.55,$2.13,$2.13,$2.13,$2.13,$5.39,$12.00,$2.33,$2.63,$2.13
,Apr-19,$2.13,$9.89,$2.13,$2.63,$8.00,$12.00,$8.08,$6.38,$3.89,$2.23,$5.44,$2.13,$9.35,$4.35,$3.35,$4.95,$2.13,$2.13,$2.13,$2.13,$4.35,$3.63,$5.50,$3.59,$9.86,$4.30,$2.13,$8.50,$2.13,$4.86,$2.13,$3.26,$2.13,$2.13,$8.25,$7.50,$4.30,$2.13,$10.75,$2.83,$3.89,$2.13,$4.55,$2.13,$2.13,$2.13,$2.13,$5.39,$12.00,$2.33,$2.63,$2.13
,May-19,$2.13,$9.89,$2.13,$2.63,$8.00,$12.00,$8.08,$6.38,$3.89,$2.23,$5.44,$2.13,$9.35,$4.35,$3.35,$4.95,$2.13,$2.13,$2.13,$2.13,$4.35,$3.63,$5.50,$3.59,$9.86,$4.30,$2.13,$8.50,$2.13,$4.86,$2.13,$3.26,$2.13,$2.13,$8.25,$7.50,$4.30,$2.13,$10.75,$2.83,$3.89,$2.13,$4.55,$2.13,$2.13,$2.13,$2.13,$5.39,$12.00,$2.33,$2.63,$2.13
,Jun-19,$2.13,$9.89,$2.13,$2.63,$8.00,$12.00,$8.08,$6.38,$3.89,$2.23,$5.44,$2.13,$9.35,$4.35,$3.35,$4.95,$2.13,$2.13,$2.13,$2.13,$4.35,$3.63,$5.50,$3.59,$9.86,$4.30,$2.13,$8.50,$2.13,$4.86,$2.13,$3.26,$2.13,$2.13,$8.25,$7.50,$4.30,$2.13,$10.75,$2.83,$3.89,$2.13,$4.55,$2.13,$2.13,$2.13,$2.13,$5.39,$12.00,$2.33,$2.63,$2.13
,Jul-19,$2.13,$9.89,$2.13,$2.63,$8.00,$12.00,$8.08,$6.38,$4.45,$2.23,$5.44,$2.13,$9.35,$4.35,$3.35,$4.95,$2.13,$2.13,$2.13,$2.13,$4.35,$3.63,$5.50,$3.59,$9.86,$4.30,$2.13,$8.50,$2.13,$4.86,$2.13,$3.26,$2.63,$2.13,$8.25,$7.50,$4.30,$2.13,$11.25,$2.83,$3.89,$2.13,$4.55,$2.13,$2.13,$2.13,$2.13,$5.39,$12.00,$2.33,$2.63,$2.13
,Aug-19,$2.13,$9.89,$2.13,$2.63,$8.00,$12.00,$8.08,$6.38,$4.45,$2.23,$5.44,$2.13,$9.35,$4.35,$3.35,$4.95,$2.13,$2.13,$2.13,$2.13,$4.35,$3.63,$5.50,$3.59,$9.86,$4.30,$2.13,$8.50,$2.13,$4.86,$2.13,$3.26,$2.63,$2.13,$8.25,$7.50,$4.30,$2.13,$11.25,$2.83,$3.89,$2.13,$4.55,$2.13,$2.13,$2.13,$2.13,$5.39,$12.00,$2.33,$2.63,$2.13
,Sep-19,$2.13,$9.89,$2.13,$2.63,$8.00,$12.00,$8.08,$6.38,$4.45,$2.23,$5.44,$2.13,$9.35,$4.35,$3.35,$4.95,$2.13,$2.13,$2.13,$2.13,$4.35,$3.63,$5.50,$3.59,$9.86,$4.30,$2.13,$8.50,$2.13,$4.86,$2.13,$3.26,$2.63,$2.13,$8.25,$7.50,$4.30,$2.13,$11.25,$2.83,$3.89,$2.13,$4.55,$2.13,$2.13,$2.13,$2.13,$5.39,$12.00,$2.33,$2.63,$2.13
,Oct-19,$2.13,$9.89,$2.13,$2.63,$8.00,$12.00,$8.08,$6.38,$4.45,$2.23,$5.44,$2.13,$9.35,$4.35,$3.35,$4.95,$2.13,$2.13,$2.13,$2.13,$4.35,$3.63,$5.50,$3.59,$9.86,$4.30,$2.13,$8.50,$2.13,$4.86,$2.13,$3.26,$2.63,$2.13,$8.25,$7.50,$4.30,$2.13,$11.25,$2.83,$3.89,$2.13,$4.55,$2.13,$2.13,$2.13,$2.13,$5.39,$12.00,$2.33,$2.63,$2.13
,Nov-19,$2.13,$9.89,$2.13,$2.63,$8.00,$12.00,$8.08,$6.38,$4.45,$2.23,$5.44,$2.13,$9.35,$4.35,$3.35,$4.95,$2.13,$2.13,$2.13,$2.13,$4.35,$3.63,$5.50,$3.59,$9.86,$4.30,$2.13,$8.50,$2.13,$4.86,$2.13,$3.26,$2.63,$2.13,$8.25,$7.50,$4.30,$2.13,$11.25,$2.83,$3.89,$2.13,$4.55,$2.13,$2.13,$2.13,$2.13,$5.39,$12.00,$2.33,$2.63,$2.13
,Dec-19,$2.13,$9.89,$2.13,$2.63,$8.00,$12.00,$8.08,$6.38,$4.45,$2.23,$5.44,$2.13,$9.35,$4.35,$3.35,$4.95,$2.13,$2.13,$2.13,$2.13,$4.35,$3.63,$5.50,$3.59,$9.86,$4.30,$2.13,$8.50,$2.13,$4.86,$2.13,$3.26,$2.63,$2.13,$8.25,$7.50,$4.30,$2.13,$11.25,$2.83,$3.89,$2.13,$4.55,$2.13,$2.13,$2.13,$2.13,$5.39,$12.00,$2.33,$2.63,$2.13
261.855,Jan-20,$2.13,$10.07,$2.13,$2.63,$9.00,$13.00,$8.98,$6.38,$4.45,$2.23,$5.59,$2.13,$9.35,$4.35,$3.35,$5.55,$2.13,$2.13,$2.13,$2.13,$4.95,$3.63,$6.00,$3.67,$10.04,$4.73,$2.13,$8.65,$2.13,$4.86,$2.13,$3.26,$3.13,$2.35,$8.25,$7.85,$4.35,$2.13,$11.25,$2.83,$3.89,$2.13,$4.63,$2.13,$2.13,$2.13,$2.13,$5.48,$13.50,$2.33,$2.63,$2.13
,Feb-20,$2.13,$10.07,$2.13,$2.63,$9.00,$13.00,$8.98,$6.38,$4.45,$2.23,$5.59,$2.13,$9.35,$4.35,$3.35,$5.55,$2.13,$2.13,$2.13,$2.13,$4.95,$3.63,$6.00,$3.67,$10.04,$4.73,$2.13,$8.65,$2.13,$4.86,$2.13,$3.26,$3.13,$2.35,$8.25,$7.85,$4.35,$2.13,$11.25,$2.83,$3.89,$2.13,$4.63,$2.13,$2.13,$2.13,$2.13,$5.49,$13.50,$2.33,$2.63,$2.13
,Mar-20,$2.13,$10.07,$2.13,$2.63,$9.00,$13.00,$8.98,$6.38,$4.45,$2.23,$5.59,$2.13,$9.35,$4.35,$3.35,$5.55,$2.13,$2.13,$2.13,$2.13,$4.95,$3.63,$6.00,$3.67,$10.04,$4.73,$2.13,$8.65,$2.13,$4.86,$2.13,$3.26,$3.13,$2.35,$8.25,$7.85,$4.35,$2.13,$11.25,$2.83,$3.89,$2.13,$4.63,$2.13,$2.13,$2.13,$2.13,$5.49,$13.50,$2.33,$2.63,$2.13
,Apr-20,$2.13,$10.07,$2.13,$2.63,$9.00,$13.00,$8.98,$6.38,$4.45,$2.23,$5.59,$2.13,$9.35,$4.35,$3.35,$5.55,$2.13,$2.13,$2.13,$2.13,$4.95,$3.63,$6.00,$3.67,$10.04,$4.73,$2.13,$8.65,$2.13,$4.86,$2.13,$3.26,$3.13,$2.35,$8.25,$7.85,$4.35,$2.13,$11.25,$2.83,$3.89,$2.13,$4.63,$2.13,$2.13,$2.13,$2.13,$5.49,$13.50,$2.33,$2.63,$2.13
,May-20,$2.13,$10.07,$2.13,$2.63,$9.00,$13.00,$8.98,$6.38,$4.45,$2.23,$5.59,$2.13,$9.35,$4.35,$3.35,$5.55,$2.13,$2.13,$2.13,$2.13,$4.95,$3.63,$6.00,$3.67,$10.04,$4.73,$2.13,$8.65,$2.13,$4.86,$2.13,$3.26,$3.13,$2.35,$8.25,$7.85,$4.35,$2.13,$11.25,$2.83,$3.89,$2.13,$4.63,$2.13,$2.13,$2.13,$2.13,$5.49,$13.50,$2.33,$2.63,$2.13
,Jun-20,$2.13,$10.07,$2.13,$2.63,$9.00,$13.00,$8.98,$6.38,$4.45,$2.23,$5.59,$2.13,$9.35,$4.35,$3.35,$5.55,$2.13,$2.13,$2.13,$2.13,$4.95,$3.63,$6.00,$3.67,$10.04,$4.73,$2.13,$8.65,$2.13,$4.86,$2.13,$3.26,$3.13,$2.35,$8.25,$7.85,$4.35,$2.13,$11.25,$2.83,$3.89,$2.13,$4.63,$2.13,$2.13,$2.13,$2.13,$5.49,$13.50,$2.33,$2.63,$2.13
,Jul-20,$2.13,$10.07,$2.13,$2.63,$9.00,$13.00,$8.98,$6.38,$5.00,$2.23,$5.59,$2.13,$9.35,$4.35,$3.35,$6.00,$2.13,$2.13,$2.13,$2.13,$4.95,$3.63,$6.00,$3.67,$10.04,$4.73,$2.13,$8.65,$2.13,$4.86,$2.13,$3.26,$3.13,$2.35,$9.00,$7.85,$4.35,$2.13,$12.00,$2.83,$3.89,$2.13,$4.63,$2.13,$2.13,$2.13,$2.13,$5.49,$13.50,$2.33,$2.63,$2.13
,Aug-20,$2.13,$10.07,$2.13,$2.63,$9.00,$13.00,$8.98,$6.38,$5.00,$2.23,$5.59,$2.13,$9.35,$4.35,$3.35,$6.00,$2.13,$2.13,$2.13,$2.13,$4.95,$3.63,$6.00,$3.67,$10.04,$4.73,$2.13,$8.65,$2.13,$4.86,$2.13,$3.26,$3.13,$2.35,$9.00,$7.85,$4.35,$2.13,$12.00,$2.83,$3.89,$2.13,$4.63,$2.13,$2.13,$2.13,$2.13,$5.49,$13.50,$2.33,$2.63,$2.13
,Sep-20,$2.13,$10.07,$2.13,$2.63,$9.00,$13.00,$8.98,$6.38,$5.00,$2.23,$5.59,$2.13,$9.35,$4.35,$3.35,$6.00,$2.13,$2.13,$2.13,$2.13,$4.95,$3.63,$6.00,$3.67,$10.04,$4.73,$2.13,$8.65,$2.13,$4.86,$2.13,$3.26,$3.13,$2.35,$9.00,$7.85,$4.35,$2.13,$12.00,$2.83,$3.89,$2.13,$4.63,$2.13,$2.13,$2.13,$2.13,$5.49,$13.50,$2.33,$2.63,$2.13
,Oct-20,$2.13,$10.07,$2.13,$2.63,$9.00,$13.00,$8.98,$6.38,$5.00,$2.23,$5.59,$2.13,$9.35,$4.35,$3.35,$6.00,$2.13,$2.13,$2.13,$2.13,$4.95,$3.63,$6.00,$3.67,$10.04,$4.73,$2.13,$8.65,$2.13,$4.86,$2.13,$3.26,$3.13,$2.35,$9.00,$7.85,$4.35,$2.13,$12.00,$2.83,$3.89,$2.13,$4.63,$2.13,$2.13,$2.13,$2.13,$5.49,$13.50,$2.33,$2.63,$2.13
,Nov-20,$2.13,$10.07,$2.13,$2.63,$9.00,$13.00,$8.98,$6.38,$5.00,$2.23,$5.59,$2.13,$9.35,$4.35,$3.35,$6.00,$2.13,$2.13,$2.13,$2.13,$4.95,$3.63,$6.00,$3.67,$10.04,$4.73,$2.13,$8.65,$2.13,$4.86,$2.13,$3.26,$3.13,$2.35,$9.00,$7.85,$4.35,$2.13,$12.00,$2.83,$3.89,$2.13,$4.63,$2.13,$2.13,$2.13,$2.13,$5.49,$13.50,$2.33,$2.63,$2.13
,Dec-20,$2.13,$10.07,$2.13,$2.63,$9.00,$13.00,$8.98,$6.38,$5.00,$2.23,$5.59,$2.13,$9.35,$4.35,$3.35,$6.00,$2.13,$2.13,$2.13,$2.13,$4.95,$3.63,$6.00,$3.67,$10.04,$4.73,$2.13,$8.65,$2.13,$4.86,$2.13,$3.26,$3.13,$2.35,$9.00,$7.85,$4.35,$2.13,$12.00,$2.83,$3.89,$2.13,$4.63,$2.13,$2.13,$2.13,$2.13,$5.49,$13.50,$2.33,$2.63,$2.13
270.97,Jan-21,$2.13,$10.34,$2.13,$2.63,$9.15,$14.00,$9.30,$6.38,$5.00,$2.23,$5.70,$2.13,$9.35,$4.35,$3.35,$6.60,$2.13,$2.13,$2.13,$2.13,$5.55,$3.63,$6.08,$3.75,$10.08,$5.15,$2.13,$8.75,$2.13,$4.86,$2.13,$3.26,$4.13,$2.55,$9.00,$8.35,$4.40,$2.13,$12.00,$2.83,$3.89,$2.13,$4.73,$2.13,$2.13,$2.13,$2.13,$5.88,$13.69,$2.33,$2.63,$2.13
,Feb-21,$2.13,$10.34,$2.13,$2.63,$9.15,$14.00,$9.30,$6.38,$5.00,$2.23,$5.70,$2.13,$9.35,$4.35,$3.35,$6.60,$2.13,$2.13,$2.13,$2.13,$5.55,$3.63,$6.08,$3.75,$10.08,$5.15,$2.13,$8.75,$2.13,$4.86,$2.13,$3.26,$4.13,$2.55,$9.00,$8.35,$4.40,$2.13,$12.00,$2.83,$3.89,$2.13,$4.73,$2.13,$2.13,$2.13,$2.13,$5.88,$13.69,$2.33,$2.63,$2.13
,Mar-21,$2.13,$10.34,$2.13,$2.63,$9.15,$14.00,$9.30,$6.38,$5.00,$2.23,$5.70,$2.13,$9.35,$4.35,$3.35,$6.60,$2.13,$2.13,$2.13,$2.13,$5.55,$3.63,$6.08,$3.75,$10.08,$5.15,$2.13,$8.75,$2.13,$4.86,$2.13,$3.26,$4.13,$2.55,$9.00,$8.35,$4.40,$2.13,$12.00,$2.83,$3.89,$2.13,$4.73,$2.13,$2.13,$2.13,$2.13,$5.88,$13.69,$2.33,$2.63,$2.13
,Apr-21,$2.13,$10.34,$2.13,$2.63,$9.15,$14.00,$9.30,$6.38,$5.00,$2.23,$5.70,$2.13,$9.35,$4.35,$3.35,$6.60,$2.13,$2.13,$2.13,$2.13,$5.55,$3.63,$6.08,$3.75,$10.08,$5.15,$2.13,$8.75,$2.13,$4.86,$2.13,$3.26,$4.13,$2.55,$9.00,$8.35,$4.40,$2.13,$12.00,$2.83,$3.89,$2.13,$4.73,$2.13,$2.13,$2.13,$2.13,$5.88,$13.69,$2.33,$2.63,$2.13
,May-21,$2.13,$10.34,$2.13,$2.63,$9.15,$14.00,$9.30,$6.38,$5.00,$2.23,$5.70,$2.13,$9.35,$4.35,$3.35,$6.60,$2.13,$2.13,$2.13,$2.13,$5.55,$3.63,$6.08,$3.75,$10.08,$5.15,$2.13,$8.75,$2.13,$4.86,$2.13,$3.26,$4.13,$2.55,$9.00,$8.35,$4.40,$2.13,$12.00,$2.83,$3.89,$2.13,$4.73,$2.13,$2.13,$2.13,$2.13,$5.88,$13.69,$2.33,$2.63,$2.13
,Jun-21,$2.13,$10.34,$2.13,$2.63,$9.15,$14.00,$9.30,$6.38,$5.00,$2.23,$5.70,$2.13,$9.35,$4.35,$3.35,$6.60,$2.13,$2.13,$2.13,$2.13,$5.55,$3.63,$6.08,$3.75,$10.08,$5.15,$2.13,$8.75,$2.13,$4.86,$2.13,$3.26,$4.13,$2.55,$9.00,$8.35,$4.40,$2.13,$12.00,$2.83,$3.89,$2.13,$4.73,$2.13,$2.13,$2.13,$2.13,$5.88,$13.69,$2.33,$2.63,$2.13
,Jul-21,$2.13,$10.34,$2.13,$2.63,$9.15,$14.00,$9.30,$6.38,$5.15,$2.23,$5.70,$2.13,$9.35,$4.35,$3.35,$6.60,$2.13,$2.13,$2.13,$2.13,$5.55,$3.63,$6.08,$3.75,$10.08,$5.15,$2.13,$8.75,$2.13,$4.86,$2.13,$3.26,$4.13,$2.55,$9.75,$8.35,$4.40,$2.13,$12.75,$2.83,$3.89,$2.13,$4.73,$2.13,$2.13,$2.13,$2.13,$5.88,$13.69,$2.33,$2.63,$2.13
,Aug-21,$2.13,$10.34,$2.13,$2.63,$9.15,$14.00,$9.30,$6.38,$5.15,$2.23,$5.70,$2.13,$9.35,$4.35,$3.35,$6.60,$2.13,$2.13,$2.13,$2.13,$5.55,$3.63,$6.08,$3.75,$10.08,$5.15,$2.13,$8.75,$2.13,$4.86,$2.13,$3.26,$4.13,$2.55,$9.75,$8.35,$4.40,$2.13,$12.75,$2.83,$3.89,$2.13,$4.73,$2.13,$2.13,$2.13,$2.13,$5.88,$13.69,$2.33,$2.63,$2.13
,Sep-21,$2.13,$10.34,$2.13,$2.63,$9.15,$14.00,$9.30,$6.38,$5.15,$2.23,$5.70,$2.13,$9.35,$4.35,$3.35,$6.60,$2.13,$2.13,$2.13,$2.13,$5.55,$3.63,$6.08,$3.75,$10.08,$5.15,$2.13,$8.75,$2.13,$4.86,$2.13,$3.26,$4.13,$2.55,$9.75,$8.35,$4.40,$2.13,$12.75,$2.83,$3.89,$2.13,$4.73,$2.13,$2.13,$2.13,$2.13,$5.88,$13.69,$2.33,$2.63,$2.13
,Oct-21,$2.13,$10.34,$2.13,$2.63,$9.15,$14.00,$9.30,$6.38,$5.15,$2.23,$6.98,$2.13,$9.35,$4.35,$3.35,$6.60,$2.13,$2.13,$2.13,$2.13,$5.55,$3.63,$6.08,$3.75,$10.08,$5.15,$2.13,$8.75,$2.13,$4.86,$2.13,$3.26,$4.13,$2.55,$9.75,$8.35,$4.40,$2.13,$12.75,$2.83,$3.89,$2.13,$4.73,$2.13,$2.13,$2.13,$2.13,$5.88,$13.69,$2.33,$2.63,$2.13
,Nov-21,$2.13,$10.34,$2.13,$2.63,$9.15,$14.00,$9.30,$6.38,$5.15,$2.23,$6.98,$2.13,$9.35,$4.35,$3.35,$6.60,$2.13,$2.13,$2.13,$2.13,$5.55,$3.63,$6.08,$3.75,$10.08,$5.15,$2.13,$8.75,$2.13,$4.86,$2.13,$3.26,$4.13,$2.55,$9.75,$8.35,$4.40,$2.13,$12.75,$2.83,$3.89,$2.13,$4.73,$2.13,$2.13,$2.13,$2.13,$5.88,$13.69,$2.33,$2.63,$2.13
,Dec-21,$2.13,$10.34,$2.13,$2.63,$9.15,$14.00,$9.30,$6.38,$5.15,$2.23,$6.98,$2.13,$9.35,$4.35,$3.35,$6.60,$2.13,$2.13,$2.13,$2.13,$5.55,$3.63,$6.08,$3.75,$10.08,$5.15,$2.13,$8.75,$2.13,$4.86,$2.13,$3.26,$4.13,$2.55,$9.75,$8.35,$4.40,$2.13,$12.75,$2.83,$3.89,$2.13,$4.73,$2.13,$2.13,$2.13,$2.13,$5.88,$13.69,$2.33,$2.63,$2.13
292.655,Jan-22,$2.13,$10.34,$2.13,$2.63,$9.80,$15.00,$9.54,$6.38,$5.15,$2.23,$6.98,$2.13,$9.35,$4.35,$3.35,$7.20,$2.13,$2.13,$2.13,$2.13,$6.15,$3.63,$6.38,$3.75,$10.33,$5.58,$2.13,$9.20,$2.13,$4.86,$2.13,$3.26,$5.13,$2.80,$9.75,$8.80,$4.65,$2.13,$12.75,$2.83,$3.89,$2.13,$4.98,$2.13,$2.13,$2.13,$2.13,$6.28,$14.49,$2.33,$2.63,$2.13
,Feb-22,$2.13,$10.34,$2.13,$2.63,$9.80,$15.00,$9.54,$6.38,$5.15,$2.23,$6.98,$2.13,$9.35,$4.35,$3.35,$7.20,$2.13,$2.13,$2.13,$2.13,$6.15,$3.63,$6.38,$3.75,$10.33,$5.58,$2.13,$9.20,$2.13,$4.86,$2.13,$3.26,$5.13,$2.80,$9.75,$8.80,$4.65,$2.13,$12.75,$2.83,$3.89,$2.13,$4.98,$2.13,$2.13,$2.13,$2.13,$6.28,$14.49,$2.33,$2.63,$2.13
,Mar-22,$2.13,$10.34,$2.13,$2.63,$9.80,$15.00,$9.54,$6.38,$5.15,$2.23,$6.98,$2.13,$9.35,$4.35,$3.35,$7.20,$2.13,$2.13,$2.13,$2.13,$6.15,$3.63,$6.38,$3.75,$10.33,$5.58,$2.13,$9.20,$2.13,$4.86,$2.13,$3.26,$5.13,$2.80,$9.75,$8.80,$4.65,$2.13,$12.75,$2.83,$3.89,$2.13,$4.98,$2.13,$2.13,$2.13,$2.13,$6.28,$14.49,$2.33,$2.63,$2.13
,Apr-22,$2.13,$10.34,$2.13,$2.63,$9.80,$15.00,$9.54,$6.38,$5.15,$2.23,$6.98,$2.13,$9.35,$4.35,$3.35,$7.20,$2.13,$2.13,$2.13,$2.13,$6.15,$3.63,$6.38,$3.75,$10.33,$5.58,$2.13,$9.20,$2.13,$4.86,$2.13,$3.26,$5.13,$2.80,$9.75,$8.80,$4.65,$2.13,$12.75,$2.83,$3.89,$2.13,$4.98,$2.13,$2.13,$2.13,$2.13,$6.28,$14.49,$2.33,$2.63,$2.13
,May-22,$2.13,$10.34,$2.13,$2.63,$9.80,$15.00,$9.54,$6.38,$5.15,$2.23,$6.98,$2.13,$9.35,$4.35,$3.35,$7.20,$2.13,$2.13,$2.13,$2.13,$6.15,$3.63,$6.38,$3.75,$10.33,$5.58,$2.13,$9.20,$2.13,$4.86,$2.13,$3.26,$5.13,$2.80,$9.75,$8.80,$4.65,$2.13,$12.75,$2.83,$3.89,$2.13,$4.98,$2.13,$2.13,$2.13,$2.13,$6.28,$14.49,$2.33,$2.63,$2.13
,Jun-22,$2.13,$10.34,$2.13,$2.63,$9.80,$15.00,$9.54,$6.38,$5.15,$2.23,$6.98,$2.13,$9.35,$4.35,$3.35,$7.20,$2.13,$2.13,$2.13,$2.13,$6.15,$3.63,$6.38,$3.75,$10.33,$5.58,$2.13,$9.20,$2.13,$4.86,$2.13,$3.26,$5.13,$2.80,$9.75,$8.80,$4.65,$2.13,$12.75,$2.83,$3.89,$2.13,$4.98,$2.13,$2.13,$2.13,$2.13,$6.28,$14.49,$2.33,$2.63,$2.13
,Jul-22,$2.13,$10.34,$2.13,$2.63,$9.80,$15.00,$9.54,$6.38,$5.35,$2.23,$6.98,$2.13,$9.35,$4.35,$3.35,$7.20,$2.13,$2.13,$2.13,$2.13,$6.15,$3.63,$6.38,$3.75,$10.33,$5.58,$2.13,$9.20,$2.13,$4.86,$2.13,$3.26,$5.13,$2.80,$10.50,$8.80,$4.65,$2.13,$13.50,$2.83,$3.89,$2.13,$4.98,$2.13,$2.13,$2.13,$2.13,$6.28,$14.49,$2.33,$2.63,$2.13
,Aug-22,$2.13,$10.34,$2.13,$2.63,$9.80,$15.00,$9.54,$6.38,$5.35,$2.23,$6.98,$2.13,$9.35,$4.35,$3.35,$7.20,$2.13,$2.13,$2.13,$2.13,$6.15,$3.63,$6.38,$3.75,$10.33,$5.58,$2.13,$9.20,$2.13,$4.86,$2.13,$3.26,$5.13,$2.80,$10.50,$8.80,$4.65,$2.13,$13.50,$2.83,$3.89,$2.13,$4.98,$2.13,$2.13,$2.13,$2.13,$6.28,$14.49,$2.33,$2.63,$2.13
,Sep-22,$2.13,$10.34,$2.13,$2.63,$9.80,$15.00,$9.54,$6.38,$5.35,$2.23,$6.98,$2.13,$9.35,$4.35,$3.35,$7.20,$2.13,$2.13,$2.13,$2.13,$6.15,$3.63,$6.38,$3.75,$10.33,$5.58,$2.13,$9.20,$2.13,$4.86,$2.13,$3.26,$5.13,$2.80,$10.50,$8.80,$4.65,$2.13,$13.50,$2.83,$3.89,$2.13,$4.98,$2.13,$2.13,$2.13,$2.13,$6.28,$14.49,$2.33,$2.63,$2.13
,Oct-22,$2.13,$10.34,$2.13,$2.63,$9.80,$15.00,$9.54,$6.38,$5.35,$2.23,$7.98,$2.13,$11.00,$4.35,$3.35,$7.20,$2.13,$2.13,$2.13,$2.13,$6.15,$3.63,$6.38,$3.75,$10.33,$5.58,$2.13,$9.20,$2.13,$4.86,$2.13,$3.26,$5.13,$2.80,$10.50,$8.80,$4.65,$2.13,$13.50,$2.83,$3.89,$2.13,$4.98,$2.13,$2.13,$2.13,$2.13,$6.28,$14.49,$2.33,$2.63,$2.13
,Nov-22,$2.13,$10.34,$2.13,$2.63,$9.80,$15.00,$9.54,$6.38,$5.35,$2.23,$7.98,$2.13,$11.00,$4.35,$3.35,$7.20,$2.13,$2.13,$2.13,$2.13,$6.15,$3.63,$6.38,$3.75,$10.33,$5.58,$2.13,$9.20,$2.13,$4.86,$2.13,$3.26,$5.13,$2.80,$10.50,$8.80,$4.65,$2.13,$13.50,$2.83,$3.89,$2.13,$4.98,$2.13,$2.13,$2.13,$2.13,$6.28,$14.49,$2.33,$2.63,$2.13
,Dec-22,$2.13,$10.34,$2.13,$2.63,$9.80,$15.00,$9.54,$6.38,$5.35,$2.23,$7.98,$2.13,$11.00,$4.35,$3.35,$7.20,$2.13,$2.13,$2.13,$2.13,$6.15,$3.63,$6.38,$3.75,$10.33,$5.58,$2.13,$9.20,$2.13,$4.86,$2.13,$3.26,$5.13,$2.80,$10.50,$8.80,$4.65,$2.13,$13.50,$2.83,$3.89,$2.13,$4.98,$2.13,$2.13,$2.13,$2.13,$6.28,$14.49,$2.33,$2.63,$2.13
304.5157273,Jan-23,$2.13,$10.85,$2.13,$2.63,$10.85,$15.50,$10.63,$6.38,$5.35,$2.23,$7.98,$2.13,$11.00,$4.35,$3.35,$7.80,$2.13,$2.13,$2.13,$2.13,$6.75,$3.63,$6.90,$3.84,$10.59,$6.00,$2.13,$9.95,$2.13,$4.86,$2.13,$3.26,$5.26,$3.00,$10.50,$9.45,$5.05,$2.13,$13.50,$2.83,$3.89,$2.13,$5.40,$2.13,$2.13,$2.13,$2.13,$6.59,$15.74,$2.33,$2.63,$2.13
,Feb-23,$2.13,$10.85,$2.13,$2.63,$10.85,$15.50,$10.63,$6.38,$5.35,$2.23,$7.98,$2.13,$11.00,$4.35,$3.35,$7.80,$2.13,$2.13,$2.13,$2.13,$6.75,$3.63,$6.90,$3.84,$10.59,$6.00,$2.13,$9.95,$2.13,$4.86,$2.13,$3.26,$5.26,$3.00,$10.50,$9.45,$5.05,$2.13,$13.50,$2.83,$3.89,$2.13,$5.40,$2.13,$2.13,$2.13,$2.13,$6.59,$15.74,$2.33,$2.63,$2.13
,Mar-23,$2.13,$10.85,$2.13,$2.63,$10.85,$15.50,$10.63,$6.38,$5.35,$2.23,$7.98,$2.13,$11.00,$4.35,$3.35,$7.80,$2.13,$2.13,$2.13,$2.13,$6.75,$3.63,$6.90,$3.84,$10.59,$6.00,$2.13,$9.95,$2.13,$4.86,$2.13,$3.26,$5.26,$3.00,$10.50,$9.45,$5.05,$2.13,$13.50,$2.83,$3.89,$2.13,$5.40,$2.13,$2.13,$2.13,$2.13,$6.59,$15.74,$2.33,$2.63,$2.13
,Apr-23,$2.13,$10.85,$2.13,$2.63,$10.85,$15.50,$10.63,$6.38,$5.35,$2.23,$7.98,$2.13,$11.00,$4.35,$3.35,$7.80,$2.13,$2.13,$2.13,$2.13,$6.75,$3.63,$6.90,$3.84,$10.59,$6.00,$2.13,$9.95,$2.13,$4.86,$2.13,$3.26,$5.26,$3.00,$10.50,$9.45,$5.05,$2.13,$13.50,$2.83,$3.89,$2.13,$5.40,$2.13,$2.13,$2.13,$2.13,$6.59,$15.74,$2.33,$2.63,$2.13
,May-23,$2.13,$10.85,$2.13,$2.63,$10.85,$15.50,$10.63,$6.38,$6.00,$2.23,$7.98,$2.13,$11.00,$4.35,$3.35,$7.80,$2.13,$2.13,$2.13,$2.13,$6.75,$3.63,$6.90,$3.84,$10.59,$6.00,$2.13,$9.95,$2.13,$4.86,$2.13,$3.26,$5.26,$3.00,$10.50,$9.45,$5.05,$2.13,$13.50,$2.83,$3.89,$2.13,$5.40,$2.13,$2.13,$2.13,$2.13,$6.59,$15.74,$2.33,$2.63,$2.13
,Jun-23,$2.13,$10.85,$2.13,$2.63,$10.85,$15.50,$10.63,$6.38,$6.00,$2.23,$7.98,$2.13,$11.00,$4.35,$3.35,$7.80,$2.13,$2.13,$2.13,$2.13,$6.75,$3.63,$6.90,$3.84,$10.59,$6.00,$2.13,$9.95,$2.13,$4.86,$2.13,$3.26,$5.26,$3.00,$10.50,$9.45,$5.05,$2.13,$13.50,$2.83,$3.89,$2.13,$5.40,$2.13,$2.13,$2.13,$2.13,$6.59,$15.74,$2.33,$2.63,$2.13
,Jul-23,$2.13,$10.85,$2.13,$2.63,$10.85,$15.50,$10.63,$6.38,$8.00,$2.23,$7.98,$2.13,$11.00,$4.35,$3.35,$7.80,$2.13,$2.13,$2.13,$2.13,$6.75,$3.63,$6.90,$3.84,$10.59,$6.00,$2.13,$9.95,$2.13,$4.86,$2.13,$3.26,$5.26,$3.00,$11.25,$9.45,$5.05,$2.13,$14.20,$2.83,$3.89,$2.13,$5.40,$2.13,$2.13,$2.13,$2.13,$6.59,$15.74,$2.33,$2.63,$2.13
,Aug-23,$2.13,$10.85,$2.13,$2.63,$10.85,$15.50,$10.63,$6.38,$8.00,$2.23,$7.98,$2.13,$11.00,$4.35,$3.35,$7.80,$2.13,$2.13,$2.13,$2.13,$6.75,$3.63,$6.90,$3.84,$10.59,$6.00,$2.13,$9.95,$2.13,$4.86,$2.13,$3.26,$5.26,$3.00,$11.25,$9.45,$5.05,$2.13,$14.20,$2.83,$3.89,$2.13,$5.40,$2.13,$2.13,$2.13,$2.13,$6.59,$15.74,$2.33,$2.63,$2.13
,Sep-23,$2.13,$10.85,$2.13,$2.63,$10.85,$15.50,$10.63,$6.38,$8.00,$2.23,$7.98,$2.13,$11.00,$4.35,$3.35,$7.80,$2.13,$2.13,$2.13,$2.13,$6.75,$3.63,$6.90,$3.84,$10.59,$6.00,$2.13,$9.95,$2.13,$4.86,$2.13,$3.26,$5.26,$3.00,$11.25,$9.45,$5.05,$2.13,$14.20,$2.83,$3.89,$2.13,$5.40,$2.13,$2.13,$2.13,$2.13,$6.59,$15.74,$2.33,$2.63,$2.13
,Oct-23,$2.13,$10.85,$2.13,$2.63,$10.85,$15.50,$10.63,$6.38,$8.00,$2.23,$8.98,$2.13,$11.00,$4.35,$3.35,$7.80,$2.13,$2.13,$2.13,$2.13,$6.75,$3.63,$6.90,$3.84,$10.59,$6.00,$2.13,$9.95,$2.13,$4.86,$2.13,$3.26,$5.26,$3.00,$11.25,$9.45,$5.05,$2.13,$14.20,$2.83,$3.89,$2.13,$5.40,$2.13,$2.13,$2.13,$2.13,$6.59,$15.74,$2.33,$2.63,$2.13
,Nov-23,$2.13,$10.85,$2.13,$2.63,$10.85,$15.50,$10.63,$6.38,$8.00,$2.23,$8.98,$2.13,$11.00,$4.35,$3.35,$7.80,$2.13,$2.13,$2.13,$2.13,$6.75,$3.63,$6.90,$3.84,$10.59,$6.00,$2.13,$9.95,$2.13,$4.86,$2.13,$3.26,$5.26,$3.00,$11.25,$9.45,$5.05,$2.13,$14.20,$2.83,$3.89,$2.13,$5.40,$2.13,$2.13,$2.13,$2.13,$6.59,$15.74,$2.33,$2.63,$2.13
,Dec-23,$2.13,$10.85,$2.13,$2.63,$10.85,$15.50,$10.63,$6.38,$8.00,$2.23,$8.98,$2.13,$11.00,$4.35,$3.35,$7.80,$2.13,$2.13,$2.13,$2.13,$6.75,$3.63,$6.90,$3.84,$10.59,$6.00,$2.13,$9.95,$2.13,$4.86,$2.13,$3.26,$5.26,$3.00,$11.25,$9.45,$5.05,$2.13,$14.20,$2.83,$3.89,$2.13,$5.40,$2.13,$2.13,$2.13,$2.13,$6.59,$15.74,$2.33,$2.63,$2.13
313.7,Jan-24,$2.13,$11.73,$2.13,$2.63,$11.35,$16.00,$11.40,$6.38,$8.00,$2.23,$8.98,$2.13,$12.75,$4.35,$3.35,$8.40,$2.13,$2.13,$2.13,$2.13,$6.75,$3.63,$7.08,$3.93,$10.85,$6.15,$2.13,$10.30,$2.13,$4.86,$2.13,$3.26,$5.26,$3.00,$11.25,$10.00,$5.25,$2.13,$14.20,$2.83,$3.89,$2.13,$5.60,$2.13,$2.13,$2.13,$2.13,$6.84,$16.28,$2.33,$2.63,$2.13
,Feb-24,$2.13,$11.73,$2.13,$2.63,$11.35,$16.00,$11.40,$6.38,$8.00,$2.23,$8.98,$2.13,$12.75,$4.35,$3.35,$8.40,$2.13,$2.13,$2.13,$2.13,$6.75,$3.63,$7.08,$3.93,$10.85,$6.15,$2.13,$10.30,$2.13,$4.86,$2.13,$3.26,$5.26,$3.00,$11.25,$10.00,$5.25,$2.13,$14.20,$2.83,$3.89,$2.13,$5.60,$2.13,$2.13,$2.13,$2.13,$6.84,$16.28,$2.33,$2.63,$2.13
,Mar-24,$2.13,$11.73,$2.13,$2.63,$11.35,$16.00,$11.40,$6.38,$8.00,$2.23,$8.98,$2.13,$12.75,$4.35,$3.35,$8.40,$2.13,$2.13,$2.13,$2.13,$6.75,$3.63,$7.08,$3.93,$10.85,$6.15,$2.13,$10.30,$2.13,$4.86,$2.13,$3.26,$5.26,$3.00,$11.25,$10.00,$5.25,$2.13,$14.20,$2.83,$3.89,$2.13,$5.60,$2.13,$2.13,$2.13,$2.13,$6.84,$16.28,$2.33,$2.63,$2.13
,Apr-24,$2.13,$11.73,$2.13,$2.63,$11.35,$16.00,$11.40,$6.38,$8.00,$2.23,$8.98,$2.13,$12.75,$4.35,$3.35,$8.40,$2.13,$2.13,$2.13,$2.13,$6.75,$3.63,$7.08,$3.93,$10.85,$6.15,$2.13,$10.30,$2.13,$4.86,$2.13,$3.26,$5.26,$3.00,$11.25,$10.00,$5.25,$2.13,$14.20,$2.83,$3.89,$2.13,$5.60,$2.13,$2.13,$2.13,$2.13,$6.84,$16.28,$2.33,$2.63,$2.13
,May-24,$2.13,$11.73,$2.13,$2.63,$11.35,$16.00,$11.40,$6.38,$8.00,$2.23,$8.98,$2.13,$12.75,$4.35,$3.35,$8.40,$2.13,$2.13,$2.13,$2.13,$6.75,$3.63,$7.08,$3.93,$10.85,$6.15,$2.13,$10.30,$2.13,$4.86,$2.13,$3.26,$5.26,$3.00,$11.25,$10.00,$5.25,$2.13,$14.20,$2.83,$3.89,$2.13,$5.60,$2.13,$2.13,$2.13,$2.13,$6.84,$16.28,$2.33,$2.63,$2.13
,Jun-24,$2.13,$11.73,$2.13,$2.63,$11.35,$16.00,$11.40,$6.38,$8.00,$2.23,$8.98,$2.13,$12.75,$4.35,$3.35,$8.40,$2.13,$2.13,$2.13,$2.13,$6.75,$3.63,$7.08,$3.93,$10.85,$6.15,$2.13,$10.30,$2.13,$4.86,$2.13,$3.26,$5.26,$3.00,$11.25,$10.00,$5.25,$2.13,$14.20,$2.83,$3.89,$2.13,$5.60,$2.13,$2.13,$2.13,$2.13,$6.84,$16.28,$2.33,$2.63,$2.13
,Jul-24,$2.13,$11.73,$2.13,$2.63,$11.35,$16.00,$11.40,$6.38,$10.00,$2.23,$8.98,$2.13,$12.75,$4.35,$3.35,$8.40,$2.13,$2.13,$2.13,$2.13,$6.75,$3.63,$7.08,$3.93,$10.85,$6.15,$2.13,$10.30,$2.13,$4.86,$2.13,$3.26,$5.26,$3.00,$12.00,$10.00,$5.25,$2.13,$14.70,$2.83,$3.89,$2.13,$5.60,$2.13,$2.13,$2.13,$2.13,$6.84,$16.28,$2.33,$2.63,$2.13
,Aug-24,$2.13,$11.73,$2.13,$2.63,$11.35,$16.00,$11.40,$6.38,$10.00,$2.23,$8.98,$2.13,$12.75,$4.35,$3.35,$8.40,$2.13,$2.13,$2.13,$2.13,$6.75,$3.63,$7.08,$3.93,$10.85,$6.15,$2.13,$10.30,$2.13,$4.86,$2.13,$3.26,$5.26,$3.00,$12.00,$10.00,$5.25,$2.13,$14.70,$2.83,$3.89,$2.13,$5.60,$2.13,$2.13,$2.13,$2.13,$6.84,$16.28,$2.33,$2.63,$2.13
,Sep-24,$2.13,$11.73,$2.13,$2.63,$11.35,$16.00,$11.40,$6.38,$10.00,$2.23,$8.98,$2.13,$12.75,$4.35,$3.35,$8.40,$2.13,$2.13,$2.13,$2.13,$6.75,$3.63,$7.08,$3.93,$10.85,$6.15,$2.13,$10.30,$2.13,$4.86,$2.13,$3.26,$5.26,$3.00,$12.00,$10.00,$5.25,$2.13,$14.70,$2.83,$3.89,$2.13,$5.60,$2.13,$2.13,$2.13,$2.13,$6.84,$16.28,$2.33,$2.63,$2.13
,Oct-24,$2.13,$11.73,$2.13,$2.63,$11.35,$16.00,$11.40,$6.38,$10.00,$2.23,$9.98,$2.13,$12.75,$4.35,$3.35,$8.40,$2.13,$2.13,$2.13,$2.13,$6.75,$3.63,$7.08,$3.93,$10.85,$6.15,$2.13,$10.30,$2.13,$4.86,$2.13,$3.26,$5.26,$3.00,$12.00,$10.00,$5.25,$2.13,$14.70,$2.83,$3.89,$2.13,$5.60,$2.13,$2.13,$2.13,$2.13,$6.84,$16.28,$2.33,$2.63,$2.13
,Nov-24,$2.13,$11.73,$2.13,$2.63,$11.35,$16.00,$11.40,$6.38,$10.00,$2.23,$9.98,$2.13,$12.75,$4.35,$3.35,$8.40,$2.13,$2.13,$2.13,$2.13,$6.75,$3.63,$7.08,$3.93,$10.85,$6.15,$2.13,$10.30,$2.13,$4.86,$2.13,$3.26,$5.26,$3.00,$12.00,$10.00,$5.25,$2.13,$14.70,$2.83,$3.89,$2.13,$5.60,$2.13,$2.13,$2.13,$2.13,$6.84,$16.28,$2.33,$2.63,$2.13
,Dec-24,$2.13,$11.73,$2.13,$2.63,$11.35,$16.00,$11.40,$6.38,$10.00,$2.23,$9.98,$2.13,$12.75,$4.35,$3.35,$8.40,$2.13,$2.13,$2.13,$2.13,$6.75,$3.63,$7.08,$3.93,$10.85,$6.15,$2.13,$10.30,$2.13,$4.86,$2.13,$3.26,$5.26,$3.00,$12.00,$10.00,$5.25,$2.13,$14.70,$2.83,$3.89,$2.13,$5.60,$2.13,$2.13,$2.13,$2.13,$6.84,$16.28,$2.33,$2.63,$2.13
321,Jan-25,$2.13,$11.91,$2.13,$2.63,$11.70,$16.50,$11.79,$6.38,$10.00,$2.23,$9.98,$2.13,$12.75,$4.35,$3.35,$9.00,$2.13,$2.13,$2.13,$2.13,$6.75,$3.63,$7.33,$4.01,$11.13,$6.88,$2.13,$10.55,$2.13,$4.86,$2.13,$3.26,$5.62,$3.00,$12.00,$10.35,$5.35,$2.13,$14.70,$2.83,$3.89,$2.13,$5.75,$2.13,$2.13,$2.13,$2.13,$7.01,$16.66,$2.33,$2.63,$2.13
,Feb-25,$2.13,$11.91,$2.13,$2.63,$11.70,$16.50,$11.79,$6.38,$10.00,$2.23,$9.98,$2.13,$12.75,$4.35,$3.35,$9.00,$2.13,$2.13,$2.13,$2.13,$6.75,$3.63,$7.33,$4.01,$11.13,$6.88,$2.13,$10.55,$2.13,$4.86,$2.13,$3.26,$5.62,$3.00,$12.00,$10.35,$5.35,$2.13,$14.70,$2.83,$3.89,$2.13,$5.75,$2.13,$2.13,$2.13,$2.13,$7.01,$16.66,$2.33,$2.63,$2.13
,Mar-25,$2.13,$11.91,$2.13,$2.63,$11.70,$16.50,$11.79,$6.38,$10.00,$2.23,$9.98,$2.13,$12.75,$4.35,$3.35,$9.00,$2.13,$2.13,$2.13,$2.13,$6.75,$3.63,$7.33,$5.99,$11.13,$6.88,$2.13,$10.55,$2.13,$4.86,$2.13,$3.26,$5.62,$3.00,$12.00,$10.35,$5.35,$2.13,$14.70,$2.83,$3.89,$2.13,$5.75,$2.13,$2.13,$2.13,$2.13,$7.01,$16.66,$2.33,$2.63,$2.13
,Apr-25,$2.13,$11.91,$2.13,$2.63,$11.70,$16.50,$11.79,$6.38,$10.00,$2.23,$9.98,$2.13,$12.75,$4.35,$3.35,$9.00,$2.13,$2.13,$2.13,$2.13,$6.75,$3.63,$7.33,$5.99,$11.13,$6.88,$2.13,$10.55,$2.13,$4.86,$2.13,$3.26,$5.62,$3.00,$12.00,$10.35,$5.35,$2.13,$14.70,$2.83,$3.89,$2.13,$5.75,$2.13,$2.13,$2.13,$2.13,$7.01,$16.66,$2.33,$2.63,$2.13
,May-25,$2.13,$11.91,$2.13,$2.63,$11.70,$16.50,$11.79,$6.38,$10.00,$2.23,$9.98,$2.13,$12.75,$4.35,$3.35,$9.00,$2.13,$2.13,$2.13,$2.13,$6.75,$3.63,$7.33,$5.99,$11.13,$6.88,$2.13,$10.55,$2.13,$4.86,$2.13,$3.26,$5.62,$3.00,$12.00,$10.35,$5.35,$2.13,$14.70,$2.83,$3.89,$2.13,$5.75,$2.13,$2.13,$2.13,$2.13,$7.01,$16.66,$2.33,$2.63,$2.13
,Jun-25,$2.13,$11.91,$2.13,$2.63,$11.70,$16.50,$11.79,$6.38,$10.00,$2.23,$9.98,$2.13,$12.75,$4.35,$3.35,$9.00,$2.13,$2.13,$2.13,$2.13,$6.75,$3.63,$7.33,$5.99,$11.13,$6.88,$2.13,$10.55,$2.13,$4.86,$2.13,$3.26,$5.62,$3.00,$12.00,$10.35,$5.35,$2.13,$14.70,$2.83,$3.89,$2.13,$5.75,$2.13,$2.13,$2.13,$2.13,$7.01,$16.66,$2.33,$2.63,$2.13
,Jul-25,$2.13,$13.00,$2.13,$2.63,$11.70,$16.50,$11.79,$6.38,$12.00,$2.23,$9.98,$2.13,$12.75,$4.35,$3.35,$9.00,$2.13,$2.13,$2.13,$2.13,$6.75,$3.63,$7.33,$5.99,$11.13,$6.88,$2.13,$10.55,$2.13,$4.86,$2.13,$3.26,$5.62,$3.00,$12.00,$10.35,$5.35,$2.13,$15.15,$2.83,$3.89,$2.13,$5.75,$2.13,$2.13,$2.13,$2.13,$7.01,$16.66,$2.33,$2.63,$2.13
,Aug-25,$2.13,$13.00,$2.13,$2.63,$11.70,$16.50,$11.79,$6.38,$12.00,$2.23,$9.98,$2.13,$12.75,$4.35,$3.35,$9.00,$2.13,$2.13,$2.13,$2.13,$6.75,$3.63,$7.33,$5.99,$11.13,$6.88,$2.13,$10.55,$2.13,$4.86,$2.13,$3.26,$5.62,$3.00,$12.00,$10.35,$5.35,$2.13,$15.15,$2.83,$3.89,$2.13,$5.75,$2.13,$2.13,$2.13,$2.13,$7.01,$16.66,$2.33,$2.63,$2.13
,Sep-25,$2.13,$13.00,$2.13,$2.63,$11.70,$16.50,$11.79,$6.38,$12.00,$2.23,$9.98,$2.13,$12.75,$4.35,$3.35,$9.00,$2.13,$2.13,$2.13,$2.13,$6.75,$3.63,$7.33,$5.99,$11.13,$6.88,$2.13,$10.55,$2.13,$4.86,$2.13,$3.26,$5.62,$3.00,$12.00,$10.35,$5.35,$2.13,$15.15,$2.83,$3.89,$2.13,$5.75,$2.13,$2.13,$2.13,$2.13,$7.01,$16.66,$2.33,$2.63,$2.13
,Oct-25,$2.13,$13.00,$2.13,$2.63,$11.70,$16.50,$11.79,$6.38,$12.00,$2.23,$10.98,$2.13,$12.75,$4.35,$3.35,$9.00,$2.13,$2.13,$2.13,$2.13,$6.75,$3.63,$7.33,$5.99,$11.13,$6.88,$2.13,$10.55,$2.13,$4.86,$2.13,$3.26,$5.62,$3.00,$12.00,$10.35,$5.35,$2.13,$15.15,$2.83,$3.89,$2.13,$5.75,$2.13,$2.13,$2.13,$2.13,$7.01,$16.66,$2.33,$2.63,$2.13
,Nov-25,$2.13,$13.00,$2.13,$2.63,$11.70,$16.50,$11.79,$6.38,$12.00,$2.23,$10.98,$2.13,$12.75,$4.35,$3.35,$9.00,$2.13,$2.13,$2.13,$2.13,$6.75,$3.63,$7.33,$5.99,$11.13,$6.88,$2.13,$10.55,$2.13,$4.86,$2.13,$3.26,$5.62,$3.00,$12.00,$10.35,$5.35,$2.13,$15.15,$2.83,$3.89,$2.13,$5.75,$2.13,$2.13,$2.13,$2.13,$7.01,$16.66,$2.33,$2.63,$2.13
,Dec-25,$2.13,$13.00,$2.13,$2.63,$11.70,$16.50,$11.79,$6.38,$12.00,$2.23,$10.98,$2.13,$12.75,$4.35,$3.35,$9.00,$2.13,$2.13,$2.13,$2.13,$6.75,$3.63,$7.33,$5.99,$11.13,$6.88,$2.13,$10.55,$2.13,$4.86,$2.13,$3.26,$5.62,$3.00,$12.00,$10.35,$5.35,$2.13,$15.15,$2.83,$3.89,$2.13,$5.75,$2.13,$2.13,$2.13,$2.13,$7.01,$16.66,$2.33,$2.63,$2.13
327.852693,Jan-26,$2.13,$13.00,$2.13,$2.63,$12.05,$16.90,$12.13,$6.38,$12.00,$2.23,$10.98,$2.13,$14.75,$4.35,$3.35,$9.00,$2.13,$2.13,$2.13,$2.13,$6.75,$3.63,$7.50,$5.99,$11.39,$7.50,$2.13,$10.80,$2.13,$4.86,$2.13,$3.26,$5.98,$3.00,$12.00,$10.65,$5.48,$2.13,$15.15,$2.83,$3.89,$2.13,$5.88,$2.13,$2.13,$2.13,$2.13,$7.17,$17.05,$2.33,$2.63,$2.13
,Feb-26,$2.13,$13.00,$2.13,$2.63,$12.05,$16.90,$12.13,$6.38,$12.00,$2.23,$10.98,$2.13,$14.75,$4.35,$3.35,$9.00,$2.13,$2.13,$2.13,$2.13,$6.75,$3.63,$7.50,$5.99,$11.39,$7.50,$2.13,$10.80,$2.13,$4.86,$2.13,$3.26,$5.98,$3.00,$12.00,$10.65,$5.48,$2.13,$15.15,$2.83,$3.89,$2.13,$5.88,$2.13,$2.13,$2.13,$2.13,$7.17,$17.05,$2.33,$2.63,$2.13
,Mar-26,$2.13,$13.00,$2.13,$2.63,$12.05,$16.90,$12.13,$6.38,$12.00,$2.23,$10.98,$2.13,$14.75,$4.35,$3.35,$9.00,$2.13,$2.13,$2.13,$2.13,$6.75,$3.63,$7.50,$7.97,$11.39,$7.50,$2.13,$10.80,$2.13,$4.86,$2.13,$3.26,$5.98,$3.00,$12.00,$10.65,$5.48,$2.13,$15.15,$2.83,$3.89,$2.13,$5.88,$2.13,$2.13,$2.13,$2.13,$7.17,$17.05,$2.33,$2.63,$2.13
,Apr-26,$2.13,$13.00,$2.13,$2.63,$12.05,$16.90,$12.13,$6.38,$12.00,$2.23,$10.98,$2.13,$14.75,$4.35,$3.35,$9.00,$2.13,$2.13,$2.13,$2.13,$6.75,$3.63,$7.50,$7.97,$11.39,$7.50,$2.13,$10.80,$2.13,$4.86,$2.13,$3.26,$5.98,$3.00,$12.00,$10.65,$5.48,$2.13,$15.15,$2.83,$3.89,$2.13,$5.88,$2.13,$2.13,$2.13,$2.13,$7.17,$17.05,$2.33,$2.63,$2.13
,May-26,$2.13,$13.00,$2.13,$2.63,$12.05,$16.90,$12.13,$6.38,$12.00,$2.23,$10.98,$2.13,$14.75,$4.35,$3.35,$9.00,$2.13,$2.13,$2.13,$2.13,$6.75,$3.63,$7.50,$7.97,$11.39,$7.50,$2.13,$10.80,$2.13,$4.86,$2.13,$3.26,$5.98,$3.00,$12.00,$10.65,$5.48,$2.13,$15.15,$2.83,$3.89,$2.13,$5.88,$2.13,$2.13,$2.13,$2.13,$7.17,$17.05,$2.33,$2.63,$2.13
,Jun-26,$2.13,$13.00,$2.13,$2.63,$12.05,$16.90,$12.13,$6.38,$12.00,$2.23,$10.98,$2.13,$14.75,$4.35,$3.35,$9.00,$2.13,$2.13,$2.13,$2.13,$6.75,$3.63,$7.50,$7.97,$11.39,$7.50,$2.13,$10.80,$2.13,$4.86,$2.13,$3.26,$5.98,$3.00,$12.00,$10.65,$5.48,$2.13,$15.15,$2.83,$3.89,$2.13,$5.88,$2.13,$2.13,$2.13,$2.13,$7.17,$17.05,$2.33,$2.63,$2.13
,Jul-26,$2.13,$14.00,$2.13,$2.63,$12.05,$16.90,$12.13,$6.38,$14.00,$2.23,$10.98,$2.13,$14.75,$4.35,$3.35,$9.00,$2.13,$2.13,$2.13,$2.13,$6.75,$3.63,$7.50,$7.97,$11.39,$7.50,$2.13,$10.80,$2.13,$4.86,$2.13,$3.26,$5.98,$3.00,$12.00,$10.65,$5.48,$2.13,$15.50,$2.83,$3.89,$2.13,$5.88,$2.13,$2.13,$2.13,$2.13,$7.17,$17.05,$2.33,$2.63,$2.13
,Aug-26,$2.13,$14.00,$2.13,$2.63,$12.05,$16.90,$12.13,$6.38,$14.00,$2.23,$10.98,$2.13,$14.75,$4.35,$3.35,$9.00,$2.13,$2.13,$2.13,$2.13,$6.75,$3.63,$7.50,$7.97,$11.39,$7.50,$2.13,$10.80,$2.13,$4.86,$2.13,$3.26,$5.98,$3.00,$12.00,$10.65,$5.48,$2.13,$15.50,$2.83,$3.89,$2.13,$5.88,$2.13,$2.13,$2.13,$2.13,$7.17,$17.05,$2.33,$2.63,$2.13
,Sep-26,$2.13,$14.00,$2.13,$2.63,$12.05,$16.90,$12.13,$6.38,$14.00,$2.23,$10.98,$2.13,$14.75,$4.35,$3.35,$9.00,$2.13,$2.13,$2.13,$2.13,$6.75,$3.63,$7.50,$7.97,$11.39,$7.50,$2.13,$10.80,$2.13,$4.86,$2.13,$3.26,$5.98,$3.00,$12.00,$10.65,$5.48,$2.13,$15.50,$2.83,$3.89,$2.13,$5.88,$2.13,$2.13,$2.13,$2.13,$7.17,$17.05,$2.33,$2.63,$2.13
,Oct-26,$2.13,$14.00,$2.13,$2.63,$12.05,$16.90,$12.13,$6.38,$14.00,$2.23,$11.98,$2.13,$14.75,$4.35,$3.35,$9.00,$2.13,$2.13,$2.13,$2.13,$6.75,$3.63,$7.50,$7.97,$11.39,$7.50,$2.13,$10.80,$2.13,$4.86,$2.13,$3.26,$5.98,$3.00,$12.00,$10.65,$5.48,$2.13,$15.50,$2.83,$3.89,$2.13,$5.88,$2.13,$2.13,$2.13,$2.13,$7.17,$17.05,$2.33,$2.63,$2.13
,Nov-26,$2.13,$14.00,$2.13,$2.63,$12.05,$16.90,$12.13,$6.38,$14.00,$2.23,$11.98,$2.13,$14.75,$4.35,$3.35,$9.00,$2.13,$2.13,$2.13,$2.13,$6.75,$3.63,$7.50,$7.97,$11.39,$7.50,$2.13,$10.80,$2.13,$4.86,$2.13,$3.26,$5.98,$3.00,$12.00,$10.65,$5.48,$2.13,$15.50,$2.83,$3.89,$2.13,$5.88,$2.13,$2.13,$2.13,$2.13,$7.17,$17.05,$2.33,$2.63,$2.13
327.852693,Dec-26,$2.13,$14.00,$2.13,$2.63,$12.05,$16.90,$12.13,$6.38,$14.00,$2.23,$11.98,$2.13,$14.75,$4.35,$3.35,$9.00,$2.13,$2.13,$2.13,$2.13,$6.75,$3.63,$7.50,$7.97,$11.39,$7.50,$2.13,$10.80,$2.13,$4.86,$2.13,$3.26,$5.98,$3.00,$12.00,$10.65,$5.48,$2.13,$15.50,$2.83,$3.89,$2.13,$5.88,$2.13,$2.13,$2.13,$2.13,$7.17,$17.05,$2.33,$2.63,$2.13
334.6126448,Jan-27,$2.13,$14.00,$2.13,$2.63,$12.35,$17.30,$12.46,$6.38,$14.00,$2.23,$11.99,$2.13,$14.75,$4.35,$3.35,$9.00,$2.13,$2.13,$2.13,$2.13,$6.75,$3.63,$7.65,$7.97,$11.63,$7.65,$2.13,$11.05,$2.13,$4.86,$2.13,$3.26,$6.32,$3.00,$12.00,$10.87,$5.60,$2.13,$15.50,$2.83,$3.89,$2.13,$6.00,$2.13,$2.13,$2.13,$2.13,$7.32,$17.41,$2.33,$2.63,$2.13
334.6126448,Feb-27,$2.13,$14.00 ,$2.13,$2.63,$12.35,$17.30,$12.46,$6.38,$14.00,$2.23,$11.99,$2.13,$14.75,$4.35,$3.35,$9.00,$2.13,$2.13,$2.13,$2.13,$6.75,$3.63,$7.65,$7.97,$11.63,$7.65,$2.13,$11.05,$2.13,$4.86,$2.13,$3.26,$6.32,$3.00,$12.00,$10.87,$5.60,$2.13,$15.50,$2.83,$3.89,$2.13,$6.00,$2.13,$2.13,$2.13,$2.13,$7.32,$17.41,$2.33,$2.63,$2.13
334.6126448,Mar-27,$2.13,$14.00 ,$2.13,$2.63,$12.35,$17.30,$12.46,$6.38,$14.00,$2.23,$11.99,$2.13,$14.75,$4.35,$3.35,$9.00,$2.13,$2.13,$2.13,$2.13,$6.75,$3.63,$7.65,$9.91,$11.63,$7.65,$2.13,$11.05,$2.13,$4.86,$2.13,$3.26,$6.32,$3.00,$12.00,$10.87,$5.60,$2.13,$15.50,$2.83,$3.89,$2.13,$6.00,$2.13,$2.13,$2.13,$2.13,$7.32,$17.41,$2.33,$2.63,$2.13
334.6126448,Apr-27,$2.13,$14.00 ,$2.13,$2.63,$12.35,$17.30,$12.46,$6.38,$14.00,$2.23,$11.99,$2.13,$14.75,$4.35,$3.35,$9.00,$2.13,$2.13,$2.13,$2.13,$6.75,$3.63,$7.65,$9.91,$11.63,$7.65,$2.13,$11.05,$2.13,$4.86,$2.13,$3.26,$6.32,$3.00,$12.00,$10.87,$5.60,$2.13,$15.50,$2.83,$3.89,$2.13,$6.00,$2.13,$2.13,$2.13,$2.13,$7.32,$17.41,$2.33,$2.63,$2.13
334.6126448,May-27,$2.13,$14.00 ,$2.13,$2.63,$12.35,$17.30,$12.46,$6.38,$14.00,$2.23,$11.99,$2.13,$14.75,$4.35,$3.35,$9.00,$2.13,$2.13,$2.13,$2.13,$6.75,$3.63,$7.65,$9.91,$11.63,$7.65,$2.13,$11.05,$2.13,$4.86,$2.13,$3.26,$6.32,$3.00,$12.00,$10.87,$5.60,$2.13,$15.50,$2.83,$3.89,$2.13,$6.00,$2.13,$2.13,$2.13,$2.13,$7.32,$17.41,$2.33,$2.63,$2.13
334.6126448,Jun-27,$2.13,$14.00 ,$2.13,$2.63,$12.35,$17.30,$12.46,$6.38,$14.00,$2.23,$11.99,$2.13,$14.75,$4.35,$3.35,$9.00,$2.13,$2.13,$2.13,$2.13,$6.75,$3.63,$7.65,$9.91,$11.63,$7.65,$2.13,$11.05,$2.13,$4.86,$2.13,$3.26,$6.32,$3.00,$12.00,$10.87,$5.60,$2.13,$15.50,$2.83,$3.89,$2.13,$6.00,$2.13,$2.13,$2.13,$2.13,$7.32,$17.41,$2.33,$2.63,$2.13
334.6126448,Jul-27,$2.13,$15.00 ,$2.13,$2.63,$12.35,$17.30,$12.46,$6.38,$18.70,$2.23,$11.99,$2.13,$14.75,$4.35,$3.35,$9.00,$2.13,$2.13,$2.13,$2.13,$6.75,$3.63,$7.65,$9.91,$11.63,$7.65,$2.13,$11.05,$2.13,$4.86,$2.13,$3.26,$6.32,$3.00,$12.00,$10.87,$5.60,$2.13,$15.85,$2.83,$3.89,$2.13,$6.00,$2.13,$2.13,$2.13,$2.13,$7.32,$17.41,$2.33,$2.63,$2.13
334.6126448,Aug-27,$2.13,$15.00 ,$2.13,$2.63,$12.35,$17.30,$12.46,$6.38,$18.70,$2.23,$11.99,$2.13,$14.75,$4.35,$3.35,$9.00,$2.13,$2.13,$2.13,$2.13,$6.75,$3.63,$7.65,$9.91,$11.63,$7.65,$2.13,$11.05,$2.13,$4.86,$2.13,$3.26,$6.32,$3.00,$12.00,$10.87,$5.60,$2.13,$15.85,$2.83,$3.89,$2.13,$6.00,$2.13,$2.13,$2.13,$2.13,$7.32,$17.41,$2.33,$2.63,$2.13
334.6126448,Sep-27,$2.13,$15.00 ,$2.13,$2.63,$12.35,$17.30,$12.46,$6.38,$18.70,$2.23,$11.99,$2.13,$14.75,$4.35,$3.35,$9.00,$2.13,$2.13,$2.13,$2.13,$6.75,$3.63,$7.65,$9.91,$11.63,$7.65,$2.13,$11.05,$2.13,$4.86,$2.13,$3.26,$6.32,$3.00,$12.00,$10.87,$5.60,$2.13,$15.85,$2.83,$3.89,$2.13,$6.00,$2.13,$2.13,$2.13,$2.13,$7.32,$17.41,$2.33,$2.63,$2.13
334.6126448,Oct-27,$2.13,$15.00 ,$2.13,$2.63,$12.35,$17.30,$12.46,$6.38,$18.70,$2.23,$11.99,$2.13,$14.75,$4.35,$3.35,$9.00,$2.13,$2.13,$2.13,$2.13,$6.75,$3.63,$7.65,$9.91,$11.63,$7.65,$2.13,$11.05,$2.13,$4.86,$2.13,$3.26,$6.32,$3.00,$12.00,$10.87,$5.60,$2.13,$15.85,$2.83,$3.89,$2.13,$6.00,$2.13,$2.13,$2.13,$2.13,$7.32,$17.41,$2.33,$2.63,$2.13
334.6126448,Nov-27,$2.13,$15.00 ,$2.13,$2.63,$12.35,$17.30,$12.46,$6.38,$18.70,$2.23,$11.99,$2.13,$14.75,$4.35,$3.35,$9.00,$2.13,$2.13,$2.13,$2.13,$6.75,$3.63,$7.65,$9.91,$11.63,$7.65,$2.13,$11.05,$2.13,$4.86,$2.13,$3.26,$6.32,$3.00,$12.00,$10.87,$5.60,$2.13,$15.85,$2.83,$3.89,$2.13,$6.00,$2.13,$2.13,$2.13,$2.13,$7.32,$17.41,$2.33,$2.63,$2.13
334.6126448,Dec-27,$2.13,$15.00 ,$2.13,$2.63,$12.35,$17.30,$12.46,$6.38,$18.70,$2.23,$11.99,$2.13,$14.75,$4.35,$3.35,$9.00,$2.13,$2.13,$2.13,$2.13,$6.75,$3.63,$7.65,$9.91,$11.63,$7.65,$2.13,$11.05,$2.13,$4.86,$2.13,$3.26,$6.32,$3.00,$12.00,$10.87,$5.60,$2.13,$15.85,$2.83,$3.89,$2.13,$6.00,$2.13,$2.13,$2.13,$2.13,$7.32,$17.41,$2.33,$2.63,$2.13
341.9254848,Jan-28,$2.13,$15.31 ,$2.13,$2.63,$12.65,$17.70,$12.78,$6.38,$18.70,$2.23,$12.28,$2.13,$16.50,$4.35,$3.35,$9.00,$2.13,$2.13,$2.13,$2.13,$6.75,$3.63,$7.80,$9.91,$11.87,$7.80,$2.13,$11.30,$2.13,$4.86,$2.13,$3.26,$6.65,$3.00,$12.00,$11.11,$5.73,$2.13,$15.85,$2.83,$3.89,$2.13,$6.13,$2.13,$2.13,$2.13,$2.13,$7.47,$17.77,$2.33,$2.63,$2.13
341.9254848,Feb-28,$2.13,$15.31 ,$2.13,$2.63,$12.65,$17.70,$12.78,$6.38,$18.70,$2.23,$12.28,$2.13,$16.50,$4.35,$3.35,$9.00,$2.13,$2.13,$2.13,$2.13,$6.75,$3.63,$7.80,$9.91,$11.87,$7.80,$2.13,$11.30,$2.13,$4.86,$2.13,$3.26,$6.65,$3.00,$12.00,$11.11,$5.73,$2.13,$15.85,$2.83,$3.89,$2.13,$6.13,$2.13,$2.13,$2.13,$2.13,$7.47,$17.77,$2.33,$2.63,$2.13
341.9254848,Mar-28,$2.13,$15.31 ,$2.13,$2.63,$12.65,$17.70,$12.78,$6.38,$18.70,$2.23,$12.28,$2.13,$16.50,$4.35,$3.35,$9.00,$2.13,$2.13,$2.13,$2.13,$6.75,$3.63,$7.80,$11.98,$11.87,$7.80,$2.13,$11.30,$2.13,$4.86,$2.13,$3.26,$6.65,$3.00,$12.00,$11.11,$5.73,$2.13,$15.85,$2.83,$3.89,$2.13,$6.13,$2.13,$2.13,$2.13,$2.13,$7.47,$17.77,$2.33,$2.63,$2.13
341.9254848,Apr-28,$2.13,$15.31 ,$2.13,$2.63,$12.65,$17.70,$12.78,$6.38,$18.70,$2.23,$12.28,$2.13,$16.50,$4.35,$3.35,$9.00,$2.13,$2.13,$2.13,$2.13,$6.75,$3.63,$7.80,$11.98,$11.87,$7.80,$2.13,$11.30,$2.13,$4.86,$2.13,$3.26,$6.65,$3.00,$12.00,$11.11,$5.73,$2.13,$15.85,$2.83,$3.89,$2.13,$6.13,$2.13,$2.13,$2.13,$2.13,$7.47,$17.77,$2.33,$2.63,$2.13
341.9254848,May-28,$2.13,$15.31 ,$2.13,$2.63,$12.65,$17.70,$12.78,$6.38,$18.70,$2.23,$12.28,$2.13,$16.50,$4.35,$3.35,$9.00,$2.13,$2.13,$2.13,$2.13,$6.75,$3.63,$7.80,$11.98,$11.87,$7.80,$2.13,$11.30,$2.13,$4.86,$2.13,$3.26,$6.65,$3.00,$12.00,$11.11,$5.73,$2.13,$15.85,$2.83,$3.89,$2.13,$6.13,$2.13,$2.13,$2.13,$2.13,$7.47,$17.77,$2.33,$2.63,$2.13
341.9254848,Jun-28,$2.13,$15.31 ,$2.13,$2.63,$12.65,$17.70,$12.78,$6.38,$18.70,$2.23,$12.28,$2.13,$16.50,$4.35,$3.35,$9.00,$2.13,$2.13,$2.13,$2.13,$6.75,$3.63,$7.80,$11.98,$11.87,$7.80,$2.13,$11.30,$2.13,$4.86,$2.13,$3.26,$6.65,$3.00,$12.00,$11.11,$5.73,$2.13,$15.85,$2.83,$3.89,$2.13,$6.13,$2.13,$2.13,$2.13,$2.13,$7.47,$17.77,$2.33,$2.63,$2.13
341.9254848,Jul-28,$2.13,$15.31 ,$2.13,$2.63,$12.65,$17.70,$12.78,$6.38,$19.10,$2.23,$12.28,$2.13,$16.50,$4.35,$3.35,$9.00,$2.13,$2.13,$2.13,$2.13,$6.75,$3.63,$7.80,$11.98,$11.87,$7.80,$2.13,$11.30,$2.13,$4.86,$2.13,$3.26,$6.65,$3.00,$12.00,$11.11,$5.73,$2.13,$16.20,$2.83,$3.89,$2.13,$6.13,$2.13,$2.13,$2.13,$2.13,$7.47,$17.77,$2.33,$2.63,$2.13
341.9254848,Aug-28,$2.13,$15.31 ,$2.13,$2.63,$12.65,$17.70,$12.78,$6.38,$19.10,$2.23,$12.28,$2.13,$16.50,$4.35,$3.35,$9.00,$2.13,$2.13,$2.13,$2.13,$6.75,$3.63,$7.80,$11.98,$11.87,$7.80,$2.13,$11.30,$2.13,$4.86,$2.13,$3.26,$6.65,$3.00,$12.00,$11.11,$5.73,$2.13,$16.20,$2.83,$3.89,$2.13,$6.13,$2.13,$2.13,$2.13,$2.13,$7.47,$17.77,$2.33,$2.63,$2.13
341.9254848,Sep-28,$2.13,$15.31 ,$2.13,$2.63,$12.65,$17.70,$12.78,$6.38,$19.10,$2.23,$12.28,$2.13,$16.50,$4.35,$3.35,$9.00,$2.13,$2.13,$2.13,$2.13,$6.75,$3.63,$7.80,$11.98,$11.87,$7.80,$2.13,$11.30,$2.13,$4.86,$2.13,$3.26,$6.65,$3.00,$12.00,$11.11,$5.73,$2.13,$16.20,$2.83,$3.89,$2.13,$6.13,$2.13,$2.13,$2.13,$2.13,$7.47,$17.77,$2.33,$2.63,$2.13
341.9254848,Oct-28,$2.13,$15.31 ,$2.13,$2.63,$12.65,$17.70,$12.78,$6.38,$19.10,$2.23,$12.28,$2.13,$16.50,$4.35,$3.35,$9.00,$2.13,$2.13,$2.13,$2.13,$6.75,$3.63,$7.80,$11.98,$11.87,$7.80,$2.13,$11.30,$2.13,$4.86,$2.13,$3.26,$6.65,$3.00,$12.00,$11.11,$5.73,$2.13,$16.20,$2.83,$3.89,$2.13,$6.13,$2.13,$2.13,$2.13,$2.13,$7.47,$17.77,$2.33,$2.63,$2.13
341.9254848,Nov-28,$2.13,$15.31 ,$2.13,$2.63,$12.65,$17.70,$12.78,$6.38,$19.10,$2.23,$12.28,$2.13,$16.50,$4.35,$3.35,$9.00,$2.13,$2.13,$2.13,$2.13,$6.75,$3.63,$7.80,$11.98,$11.87,$7.80,$2.13,$11.30,$2.13,$4.86,$2.13,$3.26,$6.65,$3.00,$12.00,$11.11,$5.73,$2.13,$16.20,$2.83,$3.89,$2.13,$6.13,$2.13,$2.13,$2.13,$2.13,$7.47,$17.77,$2.33,$2.63,$2.13
341.9254848,Dec-28,$2.13,$15.31 ,$2.13,$2.63,$12.65,$17.70,$12.78,$6.38,$19.10,$2.23,$12.28,$2.13,$16.50,$4.35,$3.35,$9.00,$2.13,$2.13,$2.13,$2.13,$6.75,$3.63,$7.80,$11.98,$11.87,$7.80,$2.13,$11.30,$2.13,$4.86,$2.13,$3.26,$6.65,$3.00,$12.00,$11.11,$5.73,$2.13,$16.20,$2.83,$3.89,$2.13,$6.13,$2.13,$2.13,$2.13,$2.13,$7.47,$17.77,$2.33,$2.63,$2.13
349.6350915,Jan-29,$2.13,$15.64 ,$2.13,$2.63,$13.00,$18.10,$13.12,$6.38,$19.10,$2.23,$12.63,$2.13,$16.50,$4.35,$3.35,$9.00,$2.13,$2.13,$2.13,$2.13,$6.75,$3.63,$7.98,$11.98,$12.13,$7.98,$2.13,$11.55,$2.13,$4.86,$2.13,$3.26,$7.01,$3.00,$12.00,$11.36,$5.85,$2.13,$16.20,$2.83,$3.89,$2.13,$6.25,$2.13,$2.13,$2.13,$2.13,$7.64,$18.16,$2.33,$2.63,$2.13
349.6350915,Feb-29,$2.13,$15.64 ,$2.13,$2.63,$13.00,$18.10,$13.12,$6.38,$19.10,$2.23,$12.63,$2.13,$16.50,$4.35,$3.35,$9.00,$2.13,$2.13,$2.13,$2.13,$6.75,$3.63,$7.98,$11.98,$12.13,$7.98,$2.13,$11.55,$2.13,$4.86,$2.13,$3.26,$7.01,$3.00,$12.00,$11.36,$5.85,$2.13,$16.20,$2.83,$3.89,$2.13,$6.25,$2.13,$2.13,$2.13,$2.13,$7.64,$18.16,$2.33,$2.63,$2.13
349.6350915,Mar-29,$2.13,$15.64 ,$2.13,$2.63,$13.00,$18.10,$13.12,$6.38,$19.10,$2.23,$12.63,$2.13,$16.50,$4.35,$3.35,$9.00,$2.13,$2.13,$2.13,$2.13,$6.75,$3.63,$7.98,$13.78,$12.13,$7.98,$2.13,$11.55,$2.13,$4.86,$2.13,$3.26,$7.01,$3.00,$12.00,$11.36,$5.85,$2.13,$16.20,$2.83,$3.89,$2.13,$6.25,$2.13,$2.13,$2.13,$2.13,$7.64,$18.16,$2.33,$2.63,$2.13
349.6350915,Apr-29,$2.13,$15.64 ,$2.13,$2.63,$13.00,$18.10,$13.12,$6.38,$19.10,$2.23,$12.63,$2.13,$16.50,$4.35,$3.35,$9.00,$2.13,$2.13,$2.13,$2.13,$6.75,$3.63,$7.98,$13.78,$12.13,$7.98,$2.13,$11.55,$2.13,$4.86,$2.13,$3.26,$7.01,$3.00,$12.00,$11.36,$5.85,$2.13,$16.20,$2.83,$3.89,$2.13,$6.25,$2.13,$2.13,$2.13,$2.13,$7.64,$18.16,$2.33,$2.63,$2.13
349.6350915,May-29,$2.13,$15.64 ,$2.13,$2.63,$13.00,$18.10,$13.12,$6.38,$19.10,$2.23,$12.63,$2.13,$16.50,$4.35,$3.35,$9.00,$2.13,$2.13,$2.13,$2.13,$6.75,$3.63,$7.98,$13.78,$12.13,$7.98,$2.13,$11.55,$2.13,$4.86,$2.13,$3.26,$7.01,$3.00,$12.00,$11.36,$5.85,$2.13,$16.20,$2.83,$3.89,$2.13,$6.25,$2.13,$2.13,$2.13,$2.13,$7.64,$18.16,$2.33,$2.63,$2.13
349.6350915,Jun-29,$2.13,$15.64 ,$2.13,$2.63,$13.00,$18.10,$13.12,$6.38,$19.10,$2.23,$12.63,$2.13,$16.50,$4.35,$3.35,$9.00,$2.13,$2.13,$2.13,$2.13,$6.75,$3.63,$7.98,$13.78,$12.13,$7.98,$2.13,$11.55,$2.13,$4.86,$2.13,$3.26,$7.01,$3.00,$12.00,$11.36,$5.85,$2.13,$16.20,$2.83,$3.89,$2.13,$6.25,$2.13,$2.13,$2.13,$2.13,$7.64,$18.16,$2.33,$2.63,$2.13
349.6350915,Jul-29,$2.13,$15.64 ,$2.13,$2.63,$13.00,$18.10,$13.12,$6.38,$19.55,$2.23,$12.63,$2.13,$16.50,$4.35,$3.35,$9.00,$2.13,$2.13,$2.13,$2.13,$6.75,$3.63,$7.98,$13.78,$12.13,$7.98,$2.13,$11.55,$2.13,$4.86,$2.13,$3.26,$7.01,$3.00,$12.00,$11.36,$5.85,$2.13,$16.55,$2.83,$3.89,$2.13,$6.25,$2.13,$2.13,$2.13,$2.13,$7.64,$18.16,$2.33,$2.63,$2.13
349.6350915,Aug-29,$2.13,$15.64 ,$2.13,$2.63,$13.00,$18.10,$13.12,$6.38,$19.55,$2.23,$12.63,$2.13,$16.50,$4.35,$3.35,$9.00,$2.13,$2.13,$2.13,$2.13,$6.75,$3.63,$7.98,$13.78,$12.13,$7.98,$2.13,$11.55,$2.13,$4.86,$2.13,$3.26,$7.01,$3.00,$12.00,$11.36,$5.85,$2.13,$16.55,$2.83,$3.89,$2.13,$6.25,$2.13,$2.13,$2.13,$2.13,$7.64,$18.16,$2.33,$2.63,$2.13
349.6350915,Sep-29,$2.13,$15.64 ,$2.13,$2.63,$13.00,$18.10,$13.12,$6.38,$19.55,$2.23,$12.63,$2.13,$16.50,$4.35,$3.35,$9.00,$2.13,$2.13,$2.13,$2.13,$6.75,$3.63,$7.98,$13.78,$12.13,$7.98,$2.13,$11.55,$2.13,$4.86,$2.13,$3.26,$7.01,$3.00,$12.00,$11.36,$5.85,$2.13,$16.55,$2.83,$3.89,$2.13,$6.25,$2.13,$2.13,$2.13,$2.13,$7.64,$18.16,$2.33,$2.63,$2.13
349.6350915,Oct-29,$2.13,$15.64 ,$2.13,$2.63,$13.00,$18.10,$13.12,$6.38,$19.55,$2.23,$12.63,$2.13,$16.50,$4.35,$3.35,$9.00,$2.13,$2.13,$2.13,$2.13,$6.75,$3.63,$7.98,$13.78,$12.13,$7.98,$2.13,$11.55,$2.13,$4.86,$2.13,$3.26,$7.01,$3.00,$12.00,$11.36,$5.85,$2.13,$16.55,$2.83,$3.89,$2.13,$6.25,$2.13,$2.13,$2.13,$2.13,$7.64,$18.16,$2.33,$2.63,$2.13
349.6350915,Nov-29,$2.13,$15.64 ,$2.13,$2.63,$13.00,$18.10,$13.12,$6.38,$19.55,$2.23,$12.63,$2.13,$16.50,$4.35,$3.35,$9.00,$2.13,$2.13,$2.13,$2.13,$6.75,$3.63,$7.98,$13.78,$12.13,$7.98,$2.13,$11.55,$2.13,$4.86,$2.13,$3.26,$7.01,$3.00,$12.00,$11.36,$5.85,$2.13,$16.55,$2.83,$3.89,$2.13,$6.25,$2.13,$2.13,$2.13,$2.13,$7.64,$18.16,$2.33,$2.63,$2.13
349.6350915,Dec-29,$2.13,$15.64 ,$2.13,$2.63,$13.00,$18.10,$13.12,$6.38,$19.55,$2.23,$12.63,$2.13,$16.50,$4.35,$3.35,$9.00,$2.13,$2.13,$2.13,$2.13,$6.75,$3.63,$7.98,$13.78,$12.13,$7.98,$2.13,$11.55,$2.13,$4.86,$2.13,$3.26,$7.01,$3.00,$12.00,$11.36,$5.85,$2.13,$16.55,$2.83,$3.89,$2.13,$6.25,$2.13,$2.13,$2.13,$2.13,$7.64,$18.16,$2.33,$2.63,$2.13
357.5704278,Jan-30,$2.13,$16.00 ,$2.13,$2.63,$13.35,$18.50,$13.49,$6.38,$19.55,$2.23,$12.98,$2.13,$16.50,$4.35,$3.35,$9.00,$2.13,$2.13,$2.13,$2.13,$6.75,$3.63,$8.15,$13.78,$12.40,$8.15,$2.13,$11.80,$2.13,$4.86,$2.13,$3.26,$7.39,$3.00,$12.00,$11.62,$5.98,$2.13,$16.55,$2.83,$3.89,$2.13,$6.40,$2.13,$2.13,$2.13,$2.13,$7.81,$18.57,$2.33,$2.63,$2.13
357.5704278,Feb-30,$2.13,$16.00 ,$2.13,$2.63,$13.35,$18.50,$13.49,$6.38,$19.55,$2.23,$12.98,$2.13,$16.50,$4.35,$3.35,$9.00,$2.13,$2.13,$2.13,$2.13,$6.75,$3.63,$8.15,$13.78,$12.40,$8.15,$2.13,$11.80,$2.13,$4.86,$2.13,$3.26,$7.39,$3.00,$12.00,$11.62,$5.98,$2.13,$16.55,$2.83,$3.89,$2.13,$6.40,$2.13,$2.13,$2.13,$2.13,$7.81,$18.57,$2.33,$2.63,$2.13
357.5704278,Mar-30,$2.13,$16.00 ,$2.13,$2.63,$13.35,$18.50,$13.49,$6.38,$19.55,$2.23,$12.98,$2.13,$16.50,$4.35,$3.35,$9.00,$2.13,$2.13,$2.13,$2.13,$6.75,$3.63,$8.15,$15.65,$12.40,$8.15,$2.13,$11.80,$2.13,$4.86,$2.13,$3.26,$7.39,$3.00,$12.00,$11.62,$5.98,$2.13,$16.55,$2.83,$3.89,$2.13,$6.40,$2.13,$2.13,$2.13,$2.13,$7.81,$18.57,$2.33,$2.63,$2.13
357.5704278,Apr-30,$2.13,$16.00 ,$2.13,$2.63,$13.35,$18.50,$13.49,$6.38,$19.55,$2.23,$12.98,$2.13,$16.50,$4.35,$3.35,$9.00,$2.13,$2.13,$2.13,$2.13,$6.75,$3.63,$8.15,$15.65,$12.40,$8.15,$2.13,$11.80,$2.13,$4.86,$2.13,$3.26,$7.39,$3.00,$12.00,$11.62,$5.98,$2.13,$16.55,$2.83,$3.89,$2.13,$6.40,$2.13,$2.13,$2.13,$2.13,$7.81,$18.57,$2.33,$2.63,$2.13
357.5704278,May-30,$2.13,$16.00 ,$2.13,$2.63,$13.35,$18.50,$13.49,$6.38,$19.55,$2.23,$12.98,$2.13,$16.50,$4.35,$3.35,$9.00,$2.13,$2.13,$2.13,$2.13,$6.75,$3.63,$8.15,$15.65,$12.40,$8.15,$2.13,$11.80,$2.13,$4.86,$2.13,$3.26,$7.39,$3.00,$12.00,$11.62,$5.98,$2.13,$16.55,$2.83,$3.89,$2.13,$6.40,$2.13,$2.13,$2.13,$2.13,$7.81,$18.57,$2.33,$2.63,$2.13
357.5704278,Jun-30,$2.13,$16.00 ,$2.13,$2.63,$13.35,$18.50,$13.49,$6.38,$19.55,$2.23,$12.98,$2.13,$16.50,$4.35,$3.35,$9.00,$2.13,$2.13,$2.13,$2.13,$6.75,$3.63,$8.15,$15.65,$12.40,$8.15,$2.13,$11.80,$2.13,$4.86,$2.13,$3.26,$7.39,$3.00,$12.00,$11.62,$5.98,$2.13,$16.55,$2.83,$3.89,$2.13,$6.40,$2.13,$2.13,$2.13,$2.13,$7.81,$18.57,$2.33,$2.63,$2.13
357.5704278,Jul-30,$2.13,$16.00 ,$2.13,$2.63,$13.35,$18.50,$13.49,$6.38,$20.00,$2.23,$12.98,$2.13,$16.50,$4.35,$3.35,$9.00,$2.13,$2.13,$2.13,$2.13,$6.75,$3.63,$8.15,$15.65,$12.40,$8.15,$2.13,$11.80,$2.13,$4.86,$2.13,$3.26,$7.39,$3.00,$12.00,$11.62,$5.98,$2.13,$16.90,$2.83,$3.89,$2.13,$6.40,$2.13,$2.13,$2.13,$2.13,$7.81,$18.57,$2.33,$2.63,$2.13
357.5704278,Aug-30,$2.13,$16.00 ,$2.13,$2.63,$13.35,$18.50,$13.49,$6.38,$20.00,$2.23,$12.98,$2.13,$16.50,$4.35,$3.35,$9.00,$2.13,$2.13,$2.13,$2.13,$6.75,$3.63,$8.15,$15.65,$12.40,$8.15,$2.13,$11.80,$2.13,$4.86,$2.13,$3.26,$7.39,$3.00,$12.00,$11.62,$5.98,$2.13,$16.90,$2.83,$3.89,$2.13,$6.40,$2.13,$2.13,$2.13,$2.13,$7.81,$18.57,$2.33,$2.63,$2.13
357.5704278,Sep-30,$2.13,$16.00 ,$2.13,$2.63,$13.35,$18.50,$13.49,$6.38,$20.00,$2.23,$12.98,$2.13,$16.50,$4.35,$3.35,$9.00,$2.13,$2.13,$2.13,$2.13,$6.75,$3.63,$8.15,$15.65,$12.40,$8.15,$2.13,$11.80,$2.13,$4.86,$2.13,$3.26,$7.39,$3.00,$12.00,$11.62,$5.98,$2.13,$16.90,$2.83,$3.89,$2.13,$6.40,$2.13,$2.13,$2.13,$2.13,$7.81,$18.57,$2.33,$2.63,$2.13
357.5704278,Oct-30,$2.13,$16.00 ,$2.13,$2.63,$13.35,$18.50,$13.49,$6.38,$20.00,$2.23,$12.98,$2.13,$16.50,$4.35,$3.35,$9.00,$2.13,$2.13,$2.13,$2.13,$6.75,$3.63,$8.15,$15.65,$12.40,$8.15,$2.13,$11.80,$2.13,$4.86,$2.13,$3.26,$7.39,$3.00,$12.00,$11.62,$5.98,$2.13,$16.90,$2.83,$3.89,$2.13,$6.40,$2.13,$2.13,$2.13,$2.13,$7.81,$18.57,$2.33,$2.63,$2.13
357.5704278,Nov-30,$2.13,$16.00 ,$2.13,$2.63,$13.35,$18.50,$13.49,$6.38,$20.00,$2.23,$12.98,$2.13,$16.50,$4.35,$3.35,$9.00,$2.13,$2.13,$2.13,$2.13,$6.75,$3.63,$8.15,$15.65,$12.40,$8.15,$2.13,$11.80,$2.13,$4.86,$2.13,$3.26,$7.39,$3.00,$12.00,$11.62,$5.98,$2.13,$16.90,$2.83,$3.89,$2.13,$6.40,$2.13,$2.13,$2.13,$2.13,$7.81,$18.57,$2.33,$2.63,$2.13
357.5704278,Dec-30,$2.13,$16.00 ,$2.13,$2.63,$13.35,$18.50,$13.49,$6.38,$20.00,$2.23,$12.98,$2.13,$16.50,$4.35,$3.35,$9.00,$2.13,$2.13,$2.13,$2.13,$6.75,$3.63,$8.15,$15.65,$12.40,$8.15,$2.13,$11.80,$2.13,$4.86,$2.13,$3.26,$7.39,$3.00,$12.00,$11.62,$5.98,$2.13,$16.90,$2.83,$3.89,$2.13,$6.40,$2.13,$2.13,$2.13,$2.13,$7.81,$18.57,$2.33,$2.63,$2.13
365.6996726,Jan-31,$2.13,$16.36 ,$2.13,$2.63,$13.70,$18.90,$13.86,$6.38,$20.00,$2.23,$13.33,$2.13,$16.50,$4.35,$3.35,$9.00,$2.13,$2.13,$2.13,$2.13,$6.75,$3.63,$8.33,$15.65,$12.69,$8.33,$2.13,$12.05,$2.13,$4.86,$2.13,$3.26,$7.79,$3.00,$12.00,$11.88,$6.10,$2.13,$16.90,$2.83,$3.89,$2.13,$6.55,$2.13,$2.13,$2.13,$2.13,$7.98,$18.99,$2.33,$2.63,$2.13
365.6996726,Feb-31,$2.13,$16.36 ,$2.13,$2.63,$13.70,$18.90,$13.86,$6.38,$20.00,$2.23,$13.33,$2.13,$16.50,$4.35,$3.35,$9.00,$2.13,$2.13,$2.13,$2.13,$6.75,$3.63,$8.33,$16.01,$12.69,$8.33,$2.13,$12.05,$2.13,$4.86,$2.13,$3.26,$7.79,$3.00,$12.00,$11.88,$6.10,$2.13,$16.90,$2.83,$3.89,$2.13,$6.55,$2.13,$2.13,$2.13,$2.13,$7.98,$18.99,$2.33,$2.63,$2.13
365.6996726,Mar-31,$2.13,$16.36 ,$2.13,$2.63,$13.70,$18.90,$13.86,$6.38,$20.00,$2.23,$13.33,$2.13,$16.50,$4.35,$3.35,$9.00,$2.13,$2.13,$2.13,$2.13,$6.75,$3.63,$8.33,$16.01,$12.69,$8.33,$2.13,$12.05,$2.13,$4.86,$2.13,$3.26,$7.79,$3.00,$12.00,$11.88,$6.10,$2.13,$16.90,$2.83,$3.89,$2.13,$6.55,$2.13,$2.13,$2.13,$2.13,$7.98,$18.99,$2.33,$2.63,$2.13
365.6996726,Apr-31,$2.13,$16.36 ,$2.13,$2.63,$13.70,$18.90,$13.86,$6.38,$20.00,$2.23,$13.33,$2.13,$16.50,$4.35,$3.35,$9.00,$2.13,$2.13,$2.13,$2.13,$6.75,$3.63,$8.33,$16.01,$12.69,$8.33,$2.13,$12.05,$2.13,$4.86,$2.13,$3.26,$7.79,$3.00,$12.00,$11.88,$6.10,$2.13,$16.90,$2.83,$3.89,$2.13,$6.55,$2.13,$2.13,$2.13,$2.13,$7.98,$18.99,$2.33,$2.63,$2.13
365.6996726,May-31,$2.13,$16.36 ,$2.13,$2.63,$13.70,$18.90,$13.86,$6.38,$20.00,$2.23,$13.33,$2.13,$16.50,$4.35,$3.35,$9.00,$2.13,$2.13,$2.13,$2.13,$6.75,$3.63,$8.33,$16.01,$12.69,$8.33,$2.13,$12.05,$2.13,$4.86,$2.13,$3.26,$7.79,$3.00,$12.00,$11.88,$6.10,$2.13,$16.90,$2.83,$3.89,$2.13,$6.55,$2.13,$2.13,$2.13,$2.13,$7.98,$18.99,$2.33,$2.63,$2.13
365.6996726,Jun-31,$2.13,$16.36 ,$2.13,$2.63,$13.70,$18.90,$13.86,$6.38,$20.00,$2.23,$13.33,$2.13,$16.50,$4.35,$3.35,$9.00,$2.13,$2.13,$2.13,$2.13,$6.75,$3.63,$8.33,$16.01,$12.69,$8.33,$2.13,$12.05,$2.13,$4.86,$2.13,$3.26,$7.79,$3.00,$12.00,$11.88,$6.10,$2.13,$16.90,$2.83,$3.89,$2.13,$6.55,$2.13,$2.13,$2.13,$2.13,$7.98,$18.99,$2.33,$2.63,$2.13
365.6996726,Jul-31,$2.13,$16.36 ,$2.13,$2.63,$13.70,$18.90,$13.86,$6.38,$20.45,$2.23,$13.33,$2.13,$16.50,$4.35,$3.35,$9.00,$2.13,$2.13,$2.13,$2.13,$6.75,$3.63,$8.33,$16.01,$12.69,$8.33,$2.13,$12.05,$2.13,$4.86,$2.13,$3.26,$7.79,$3.00,$12.00,$11.88,$6.10,$2.13,$17.30,$2.83,$3.89,$2.13,$6.55,$2.13,$2.13,$2.13,$2.13,$7.98,$18.99,$2.33,$2.63,$2.13
365.6996726,Aug-31,$2.13,$16.36 ,$2.13,$2.63,$13.70,$18.90,$13.86,$6.38,$20.45,$2.23,$13.33,$2.13,$16.50,$4.35,$3.35,$9.00,$2.13,$2.13,$2.13,$2.13,$6.75,$3.63,$8.33,$16.01,$12.69,$8.33,$2.13,$12.05,$2.13,$4.86,$2.13,$3.26,$7.79,$3.00,$12.00,$11.88,$6.10,$2.13,$17.30,$2.83,$3.89,$2.13,$6.55,$2.13,$2.13,$2.13,$2.13,$7.98,$18.99,$2.33,$2.63,$2.13
365.6996726,Sep-31,$2.13,$16.36 ,$2.13,$2.63,$13.70,$18.90,$13.86,$6.38,$20.45,$2.23,$13.33,$2.13,$16.50,$4.35,$3.35,$9.00,$2.13,$2.13,$2.13,$2.13,$6.75,$3.63,$8.33,$16.01,$12.69,$8.33,$2.13,$12.05,$2.13,$4.86,$2.13,$3.26,$7.79,$3.00,$12.00,$11.88,$6.10,$2.13,$17.30,$2.83,$3.89,$2.13,$6.55,$2.13,$2.13,$2.13,$2.13,$7.98,$18.99,$2.33,$2.63,$2.13
365.6996726,Oct-31,$2.13,$16.36 ,$2.13,$2.63,$13.70,$18.90,$13.86,$6.38,$20.45,$2.23,$13.33,$2.13,$16.50,$4.35,$3.35,$9.00,$2.13,$2.13,$2.13,$2.13,$6.75,$3.63,$8.33,$16.01,$12.69,$8.33,$2.13,$12.05,$2.13,$4.86,$2.13,$3.26,$7.79,$3.00,$12.00,$11.88,$6.10,$2.13,$17.30,$2.83,$3.89,$2.13,$6.55,$2.13,$2.13,$2.13,$2.13,$7.98,$18.99,$2.33,$2.63,$2.13
365.6996726,Nov-31,$2.13,$16.36 ,$2.13,$2.63,$13.70,$18.90,$13.86,$6.38,$20.45,$2.23,$13.33,$2.13,$16.50,$4.35,$3.35,$9.00,$2.13,$2.13,$2.13,$2.13,$6.75,$3.63,$8.33,$16.01,$12.69,$8.33,$2.13,$12.05,$2.13,$4.86,$2.13,$3.26,$7.79,$3.00,$12.00,$11.88,$6.10,$2.13,$17.30,$2.83,$3.89,$2.13,$6.55,$2.13,$2.13,$2.13,$2.13,$7.98,$18.99,$2.33,$2.63,$2.13
365.6996726,Dec-31,$2.13,$16.36 ,$2.13,$2.63,$13.70,$18.90,$13.86,$6.38,$20.45,$2.23,$13.33,$2.13,$16.50,$4.35,$3.35,$9.00,$2.13,$2.13,$2.13,$2.13,$6.75,$3.63,$8.33,$16.01,$12.69,$8.33,$2.13,$12.05,$2.13,$4.86,$2.13,$3.26,$7.79,$3.00,$12.00,$11.88,$6.10,$2.13,$17.30,$2.83,$3.89,$2.13,$6.55,$2.13,$2.13,$2.13,$2.13,$7.98,$18.99,$2.33,$2.63,$2.13
374.0287925,Jan-32,$2.13,$16.73 ,$2.13,$2.63,$14.10,$19.30,$14.24,$6.38,$20.45,$2.23,$13.68,$2.13,$16.50,$4.35,$3.35,$9.00,$2.13,$2.13,$2.13,$2.13,$6.75,$3.63,$8.53,$16.01,$12.97,$8.53,$2.13,$12.30,$2.13,$4.86,$2.13,$3.26,$8.19,$3.00,$12.00,$12.15,$6.25,$2.13,$17.30,$2.83,$3.89,$2.13,$6.70,$2.13,$2.13,$2.13,$2.13,$8.17,$19.42,$2.33,$2.63,$2.13
374.0287925,Feb-32,$2.13,$16.73 ,$2.13,$2.63,$14.10,$19.30,$14.24,$6.38,$20.45,$2.23,$13.68,$2.13,$16.50,$4.35,$3.35,$9.00,$2.13,$2.13,$2.13,$2.13,$6.75,$3.63,$8.53,$16.38,$12.97,$8.53,$2.13,$12.30,$2.13,$4.86,$2.13,$3.26,$8.19,$3.00,$12.00,$12.15,$6.25,$2.13,$17.30,$2.83,$3.89,$2.13,$6.70,$2.13,$2.13,$2.13,$2.13,$8.17,$19.42,$2.33,$2.63,$2.13
374.0287925,Mar-32,$2.13,$16.73 ,$2.13,$2.63,$14.10,$19.30,$14.24,$6.38,$20.45,$2.23,$13.68,$2.13,$16.50,$4.35,$3.35,$9.00,$2.13,$2.13,$2.13,$2.13,$6.75,$3.63,$8.53,$16.38,$12.97,$8.53,$2.13,$12.30,$2.13,$4.86,$2.13,$3.26,$8.19,$3.00,$12.00,$12.15,$6.25,$2.13,$17.30,$2.83,$3.89,$2.13,$6.70,$2.13,$2.13,$2.13,$2.13,$8.17,$19.42,$2.33,$2.63,$2.13
374.0287925,Apr-32,$2.13,$16.73 ,$2.13,$2.63,$14.10,$19.30,$14.24,$6.38,$20.45,$2.23,$13.68,$2.13,$16.50,$4.35,$3.35,$9.00,$2.13,$2.13,$2.13,$2.13,$6.75,$3.63,$8.53,$16.38,$12.97,$8.53,$2.13,$12.30,$2.13,$4.86,$2.13,$3.26,$8.19,$3.00,$12.00,$12.15,$6.25,$2.13,$17.30,$2.83,$3.89,$2.13,$6.70,$2.13,$2.13,$2.13,$2.13,$8.17,$19.42,$2.33,$2.63,$2.13
374.0287925,May-32,$2.13,$16.73 ,$2.13,$2.63,$14.10,$19.30,$14.24,$6.38,$20.45,$2.23,$13.68,$2.13,$16.50,$4.35,$3.35,$9.00,$2.13,$2.13,$2.13,$2.13,$6.75,$3.63,$8.53,$16.38,$12.97,$8.53,$2.13,$12.30,$2.13,$4.86,$2.13,$3.26,$8.19,$3.00,$12.00,$12.15,$6.25,$2.13,$17.30,$2.83,$3.89,$2.13,$6.70,$2.13,$2.13,$2.13,$2.13,$8.17,$19.42,$2.33,$2.63,$2.13
374.0287925,Jun-32,$2.13,$16.73 ,$2.13,$2.63,$14.10,$19.30,$14.24,$6.38,$20.45,$2.23,$13.68,$2.13,$16.50,$4.35,$3.35,$9.00,$2.13,$2.13,$2.13,$2.13,$6.75,$3.63,$8.53,$16.38,$12.97,$8.53,$2.13,$12.30,$2.13,$4.86,$2.13,$3.26,$8.19,$3.00,$12.00,$12.15,$6.25,$2.13,$17.30,$2.83,$3.89,$2.13,$6.70,$2.13,$2.13,$2.13,$2.13,$8.17,$19.42,$2.33,$2.63,$2.13
374.0287925,Jul-32,$2.13,$16.73 ,$2.13,$2.63,$14.10,$19.30,$14.24,$6.38,$20.90,$2.23,$13.68,$2.13,$16.50,$4.35,$3.35,$9.00,$2.13,$2.13,$2.13,$2.13,$6.75,$3.63,$8.53,$16.38,$12.97,$8.53,$2.13,$12.30,$2.13,$4.86,$2.13,$3.26,$8.19,$3.00,$12.00,$12.15,$6.25,$2.13,$17.70,$2.83,$3.89,$2.13,$6.70,$2.13,$2.13,$2.13,$2.13,$8.17,$19.42,$2.33,$2.63,$2.13
374.0287925,Aug-32,$2.13,$16.73 ,$2.13,$2.63,$14.10,$19.30,$14.24,$6.38,$20.90,$2.23,$13.68,$2.13,$16.50,$4.35,$3.35,$9.00,$2.13,$2.13,$2.13,$2.13,$6.75,$3.63,$8.53,$16.38,$12.97,$8.53,$2.13,$12.30,$2.13,$4.86,$2.13,$3.26,$8.19,$3.00,$12.00,$12.15,$6.25,$2.13,$17.70,$2.83,$3.89,$2.13,$6.70,$2.13,$2.13,$2.13,$2.13,$8.17,$19.42,$2.33,$2.63,$2.13
374.0287925,Sep-32,$2.13,$16.73 ,$2.13,$2.63,$14.10,$19.30,$14.24,$6.38,$20.90,$2.23,$13.68,$2.13,$16.50,$4.35,$3.35,$9.00,$2.13,$2.13,$2.13,$2.13,$6.75,$3.63,$8.53,$16.38,$12.97,$8.53,$2.13,$12.30,$2.13,$4.86,$2.13,$3.26,$8.19,$3.00,$12.00,$12.15,$6.25,$2.13,$17.70,$2.83,$3.89,$2.13,$6.70,$2.13,$2.13,$2.13,$2.13,$8.17,$19.42,$2.33,$2.63,$2.13
374.0287925,Oct-32,$2.13,$16.73 ,$2.13,$2.63,$14.10,$19.30,$14.24,$6.38,$20.90,$2.23,$13.68,$2.13,$16.50,$4.35,$3.35,$9.00,$2.13,$2.13,$2.13,$2.13,$6.75,$3.63,$8.53,$16.38,$12.97,$8.53,$2.13,$12.30,$2.13,$4.86,$2.13,$3.26,$8.19,$3.00,$12.00,$12.15,$6.25,$2.13,$17.70,$2.83,$3.89,$2.13,$6.70,$2.13,$2.13,$2.13,$2.13,$8.17,$19.42,$2.33,$2.63,$2.13
374.0287925,Nov-32,$2.13,$16.73 ,$2.13,$2.63,$14.10,$19.30,$14.24,$6.38,$20.90,$2.23,$13.68,$2.13,$16.50,$4.35,$3.35,$9.00,$2.13,$2.13,$2.13,$2.13,$6.75,$3.63,$8.53,$16.38,$12.97,$8.53,$2.13,$12.30,$2.13,$4.86,$2.13,$3.26,$8.19,$3.00,$12.00,$12.15,$6.25,$2.13,$17.70,$2.83,$3.89,$2.13,$6.70,$2.13,$2.13,$2.13,$2.13,$8.17,$19.42,$2.33,$2.63,$2.13
374.0287925,Dec-32,$2.13,$16.73 ,$2.13,$2.63,$14.10,$19.30,$14.24,$6.38,$20.90,$2.23,$13.68,$2.13,$16.50,$4.35,$3.35,$9.00,$2.13,$2.13,$2.13,$2.13,$6.75,$3.63,$8.53,$16.38,$12.97,$8.53,$2.13,$12.30,$2.13,$4.86,$2.13,$3.26,$8.19,$3.00,$12.00,$12.15,$6.25,$2.13,$17.70,$2.83,$3.89,$2.13,$6.70,$2.13,$2.13,$2.13,$2.13,$8.17,$19.42,$2.33,$2.63,$2.13
382.5697202,Jan-33,$2.13,$17.11 ,$2.13,$2.63,$14.50,$19.70,$14.64,$6.38,$20.90,$2.23,$14.08,$2.13,$16.50,$4.35,$3.35,$9.00,$2.13,$2.13,$2.13,$2.13,$6.75,$3.63,$8.73,$16.38,$13.27,$8.73,$2.13,$12.60,$2.13,$4.86,$2.13,$3.26,$8.60,$3.00,$12.00,$12.43,$6.40,$2.13,$17.70,$2.83,$3.89,$2.13,$6.85,$2.13,$2.13,$2.13,$2.13,$8.35,$19.86,$2.33,$2.63,$2.13
382.5697202,Feb-33,$2.13,$17.11 ,$2.13,$2.63,$14.50,$19.70,$14.64,$6.38,$20.90,$2.23,$14.08,$2.13,$16.50,$4.35,$3.35,$9.00,$2.13,$2.13,$2.13,$2.13,$6.75,$3.63,$8.73,$16.75,$13.27,$8.73,$2.13,$12.60,$2.13,$4.86,$2.13,$3.26,$8.60,$3.00,$12.00,$12.43,$6.40,$2.13,$17.70,$2.83,$3.89,$2.13,$6.85,$2.13,$2.13,$2.13,$2.13,$8.35,$19.86,$2.33,$2.63,$2.13
382.5697202,Mar-33,$2.13,$17.11 ,$2.13,$2.63,$14.50,$19.70,$14.64,$6.38,$20.90,$2.23,$14.08,$2.13,$16.50,$4.35,$3.35,$9.00,$2.13,$2.13,$2.13,$2.13,$6.75,$3.63,$8.73,$16.75,$13.27,$8.73,$2.13,$12.60,$2.13,$4.86,$2.13,$3.26,$8.60,$3.00,$12.00,$12.43,$6.40,$2.13,$17.70,$2.83,$3.89,$2.13,$6.85,$2.13,$2.13,$2.13,$2.13,$8.35,$19.86,$2.33,$2.63,$2.13
382.5697202,Apr-33,$2.13,$17.11 ,$2.13,$2.63,$14.50,$19.70,$14.64,$6.38,$20.90,$2.23,$14.08,$2.13,$16.50,$4.35,$3.35,$9.00,$2.13,$2.13,$2.13,$2.13,$6.75,$3.63,$8.73,$16.75,$13.27,$8.73,$2.13,$12.60,$2.13,$4.86,$2.13,$3.26,$8.60,$3.00,$12.00,$12.43,$6.40,$2.13,$17.70,$2.83,$3.89,$2.13,$6.85,$2.13,$2.13,$2.13,$2.13,$8.35,$19.86,$2.33,$2.63,$2.13
382.5697202,May-33,$2.13,$17.11 ,$2.13,$2.63,$14.50,$19.70,$14.64,$6.38,$20.90,$2.23,$14.08,$2.13,$16.50,$4.35,$3.35,$9.00,$2.13,$2.13,$2.13,$2.13,$6.75,$3.63,$8.73,$16.75,$13.27,$8.73,$2.13,$12.60,$2.13,$4.86,$2.13,$3.26,$8.60,$3.00,$12.00,$12.43,$6.40,$2.13,$17.70,$2.83,$3.89,$2.13,$6.85,$2.13,$2.13,$2.13,$2.13,$8.35,$19.86,$2.33,$2.63,$2.13
382.5697202,Jun-33,$2.13,$17.11 ,$2.13,$2.63,$14.50,$19.70,$14.64,$6.38,$20.90,$2.23,$14.08,$2.13,$16.50,$4.35,$3.35,$9.00,$2.13,$2.13,$2.13,$2.13,$6.75,$3.63,$8.73,$16.75,$13.27,$8.73,$2.13,$12.60,$2.13,$4.86,$2.13,$3.26,$8.60,$3.00,$12.00,$12.43,$6.40,$2.13,$17.70,$2.83,$3.89,$2.13,$6.85,$2.13,$2.13,$2.13,$2.13,$8.35,$19.86,$2.33,$2.63,$2.13
382.5697202,Jul-33,$2.13,$17.11 ,$2.13,$2.63,$14.50,$19.70,$14.64,$6.38,$21.40,$2.23,$14.08,$2.13,$16.50,$4.35,$3.35,$9.00,$2.13,$2.13,$2.13,$2.13,$6.75,$3.63,$8.73,$16.75,$13.27,$8.73,$2.13,$12.60,$2.13,$4.86,$2.13,$3.26,$8.60,$3.00,$12.00,$12.43,$6.40,$2.13,$18.10,$2.83,$3.89,$2.13,$6.85,$2.13,$2.13,$2.13,$2.13,$8.35,$19.86,$2.33,$2.63,$2.13
382.5697202,Aug-33,$2.13,$17.11 ,$2.13,$2.63,$14.50,$19.70,$14.64,$6.38,$21.40,$2.23,$14.08,$2.13,$16.50,$4.35,$3.35,$9.00,$2.13,$2.13,$2.13,$2.13,$6.75,$3.63,$8.73,$16.75,$13.27,$8.73,$2.13,$12.60,$2.13,$4.86,$2.13,$3.26,$8.60,$3.00,$12.00,$12.43,$6.40,$2.13,$18.10,$2.83,$3.89,$2.13,$6.85,$2.13,$2.13,$2.13,$2.13,$8.35,$19.86,$2.33,$2.63,$2.13
382.5697202,Sep-33,$2.13,$17.11 ,$2.13,$2.63,$14.50,$19.70,$14.64,$6.38,$21.40,$2.23,$14.08,$2.13,$16.50,$4.35,$3.35,$9.00,$2.13,$2.13,$2.13,$2.13,$6.75,$3.63,$8.73,$16.75,$13.27,$8.73,$2.13,$12.60,$2.13,$4.86,$2.13,$3.26,$8.60,$3.00,$12.00,$12.43,$6.40,$2.13,$18.10,$2.83,$3.89,$2.13,$6.85,$2.13,$2.13,$2.13,$2.13,$8.35,$19.86,$2.33,$2.63,$2.13
382.5697202,Oct-33,$2.13,$17.11 ,$2.13,$2.63,$14.50,$19.70,$14.64,$6.38,$21.40,$2.23,$14.08,$2.13,$16.50,$4.35,$3.35,$9.00,$2.13,$2.13,$2.13,$2.13,$6.75,$3.63,$8.73,$16.75,$13.27,$8.73,$2.13,$12.60,$2.13,$4.86,$2.13,$3.26,$8.60,$3.00,$12.00,$12.43,$6.40,$2.13,$18.10,$2.83,$3.89,$2.13,$6.85,$2.13,$2.13,$2.13,$2.13,$8.35,$19.86,$2.33,$2.63,$2.13
382.5697202,Nov-33,$2.13,$17.11 ,$2.13,$2.63,$14.50,$19.70,$14.64,$6.38,$21.40,$2.23,$14.08,$2.13,$16.50,$4.35,$3.35,$9.00,$2.13,$2.13,$2.13,$2.13,$6.75,$3.63,$8.73,$16.75,$13.27,$8.73,$2.13,$12.60,$2.13,$4.86,$2.13,$3.26,$8.60,$3.00,$12.00,$12.43,$6.40,$2.13,$18.10,$2.83,$3.89,$2.13,$6.85,$2.13,$2.13,$2.13,$2.13,$8.35,$19.86,$2.33,$2.63,$2.13
382.5697202,Dec-33,$2.13,$17.11 ,$2.13,$2.63,$14.50,$19.70,$14.64,$6.38,$21.40,$2.23,$14.08,$2.13,$16.50,$4.35,$3.35,$9.00,$2.13,$2.13,$2.13,$2.13,$6.75,$3.63,$8.73,$16.75,$13.27,$8.73,$2.13,$12.60,$2.13,$4.86,$2.13,$3.26,$8.60,$3.00,$12.00,$12.43,$6.40,$2.13,$18.10,$2.83,$3.89,$2.13,$6.85,$2.13,$2.13,$2.13,$2.13,$8.35,$19.86,$2.33,$2.63,$2.13
